Lon,Lat,Year,Month,quart.month,Rain,EP,P-EP,SPI,SPEI,Categ.SPI,Categ.SPEI
-47.31,-22.64,2013,1,1,27.36,35.7125126032531,-8.35251260325315,-0.679803277303865,-0.727276703112919,Normal,Normal
-47.31,-22.64,2013,1,2,123.48,33.5190395232872,89.9609604767128,1.51999116722105,1.4870221665237,sev.wet,mod.wet
-47.31,-22.64,2013,1,3,40.85,33.2160235278967,7.63397647210332,0.0805593379363514,0.143831135263212,Normal,Normal
-47.31,-22.64,2013,1,4,51.48,49.687271105132,1.792728894868,-0.460961608157659,-0.49192345331349,Normal,Normal
-47.31,-22.64,2013,2,5,53.58,32.0892185944501,21.4907814055499,0.663501825002031,0.541165459988619,Normal,Normal
-47.31,-22.64,2013,2,6,35.66,30.6117231419329,5.04827685806706,-0.0939074992576138,-0.0978246107830878,Normal,Normal
-47.31,-22.64,2013,2,7,24.48,32.945093102797,-8.46509310279697,-0.403681745638537,-0.43142483772093,Normal,Normal
-47.31,-22.64,2013,2,8,35.1,31.9743594851303,3.12564051486975,-0.121444741936671,-0.223292732819561,Normal,Normal
-47.31,-22.64,2013,3,9,8.82,33.6616413260192,-24.8416413260192,-0.976015221348802,-1.09085448964093,Normal,mod.dry
-47.31,-22.64,2013,3,10,83.37,27.3379783541595,56.0320216458405,1.72646024063549,1.73335502746455,sev.wet,sev.wet
-47.31,-22.64,2013,3,11,41.77,22.5731611094496,19.1968388905504,0.575825880431747,0.783476478322126,Normal,Normal
-47.31,-22.64,2013,3,12,19.73,37.9650661767312,-18.2350661767312,-0.312324705746724,-0.280737786939264,Normal,Normal
-47.31,-22.64,2013,4,13,75.34,23.0528682050067,52.2871317949933,2.15638491707628,2.14692163072923,ext.wet,ext.wet
-47.31,-22.64,2013,4,14,34.75,23.0801350031452,11.6698649968548,1.18837417821568,1.27999564682967,mod.wet,mod.wet
-47.31,-22.64,2013,4,15,0.12,23.5845885123327,-23.4645885123327,-2.29429290041559,-0.9176754555387,ext.dry,Normal
-47.31,-22.64,2013,4,16,0,29.575701593969,-29.575701593969,-2.99975144511263,-0.692697101818524,ext.dry,Normal
-47.31,-22.64,2013,5,17,0.08,22.5424531205148,-22.4624531205148,-1.25214610890343,-0.676894705030438,mod.dry,Normal
-47.31,-22.64,2013,5,18,0.05,22.3227050899179,-22.2727050899179,-1.65152275159385,-1.03115748069831,sev.dry,mod.dry
-47.31,-22.64,2013,5,19,0.06,19.8796917674515,-19.8196917674515,-1.58893520716028,-0.965616186870295,sev.dry,Normal
-47.31,-22.64,2013,5,20,115.36,23.7589315178379,91.6010684821621,2.06126456137469,2.0408786664243,ext.wet,ext.wet
-47.31,-22.64,2013,6,21,15.43,18.0781703632097,-2.64817036320966,0.592390765211117,0.651111127969491,Normal,Normal
-47.31,-22.64,2013,6,22,5.02,18.2592614273894,-13.2392614273894,0.393278446169178,0.273313376850869,Normal,Normal
-47.31,-22.64,2013,6,23,21.09,17.4816509076482,3.6083490923518,1.11212684853672,1.31573332561669,mod.wet,mod.wet
-47.31,-22.64,2013,6,24,46.42,20.9207819538824,25.4992180461176,1.95426481129751,2.04367547965607,sev.wet,ext.wet
-47.31,-22.64,2013,7,25,6.18,18.546991790807,-12.366991790807,0.917530900155296,1.07218910172731,Normal,mod.wet
-47.31,-22.64,2013,7,26,1.63,18.5554802644585,-16.9254802644585,-0.518823181194929,-0.318715584407194,Normal,Normal
-47.31,-22.64,2013,7,27,11.81,20.1227491634252,-8.3127491634252,0.944994649491047,1.01463532328023,Normal,mod.wet
-47.31,-22.64,2013,7,28,16.2,25.6785617401757,-9.47856174017569,0.901376826667398,1.26729254359687,Normal,mod.wet
-47.31,-22.64,2013,8,29,0,25.3878176460998,-25.3878176460998,-2.99975144511263,-0.861901808639107,ext.dry,Normal
-47.31,-22.64,2013,8,30,0.81,24.0107636759617,-23.2007636759617,0.196820211870532,0.280972772052346,Normal,Normal
-47.31,-22.64,2013,8,31,4.64,23.0179932233034,-18.3779932233034,0.355714739298515,0.747651334213787,Normal,Normal
-47.31,-22.64,2013,8,32,1.95,40.7676147716764,-38.8176147716764,-0.333722397381719,-0.104169918943703,Normal,Normal
-47.31,-22.64,2013,9,33,4.54,30.3116116406701,-25.7716116406701,-0.181000073848867,-0.072900560401915,Normal,Normal
-47.31,-22.64,2013,9,34,0,34.9330927189536,-34.9330927189536,-2.99975144511263,-0.593178765983249,ext.dry,Normal
-47.31,-22.64,2013,9,35,24.43,35.3135754417089,-10.8835754417089,0.520423775433578,0.51719314287926,Normal,Normal
-47.31,-22.64,2013,9,36,23.36,42.2884516343489,-18.9284516343489,0.435782642512111,0.495605264675183,Normal,Normal
-47.31,-22.64,2013,10,37,55.24,28.8067914022007,26.4332085977993,1.23411145533176,1.34134457380318,mod.wet,mod.wet
-47.31,-22.64,2013,10,38,0.09,35.8482807667202,-35.7582807667202,-1.88450862744173,-0.589902666403862,sev.dry,Normal
-47.31,-22.64,2013,10,39,35.69,35.1657531406936,0.524246859306366,0.734579998863726,0.677581287281422,Normal,Normal
-47.31,-22.64,2013,10,40,42.33,53.2099930036152,-10.8799930036152,0.471824433752537,0.451255685809893,Normal,Normal
-47.31,-22.64,2013,11,41,52.42,35.0426153956546,17.3773846043454,1.10963011756873,1.17368526295069,mod.wet,mod.wet
-47.31,-22.64,2013,11,42,2.47,42.5608984472357,-40.0908984472357,-2.11794070828958,-1.46567855163264,ext.dry,mod.dry
-47.31,-22.64,2013,11,43,21.54,41.2585378950837,-19.7185378950837,-0.260170665477329,-0.423690750088409,Normal,Normal
-47.31,-22.64,2013,11,44,39.35,45.4396932152086,-6.08969321520858,-0.116382626931721,-0.0923417078148863,Normal,Normal
-47.31,-22.64,2013,12,45,21.52,39.9688903778683,-18.4488903778683,-0.740899636401705,-0.74552780885962,Normal,Normal
-47.31,-22.64,2013,12,46,23.05,40.8173280329413,-17.7673280329413,-0.864872975528357,-0.952934193611067,Normal,Normal
-47.31,-22.64,2013,12,47,6.08,46.580441419811,-40.500441419811,-2.14533021653958,-1.96779240887374,ext.dry,sev.dry
-47.31,-22.64,2013,12,48,58.6,53.5925193729821,5.00748062701791,-0.0751816740185126,-0.245043778346916,Normal,Normal
-47.31,-22.64,2014,1,1,19.81,39.7977024745243,-19.9877024745243,-0.986132561317083,-1.25376077826366,Normal,mod.dry
-47.31,-22.64,2014,1,2,28.57,36.8644632831598,-8.29446328315982,-0.884432050587389,-0.960843751368088,Normal,Normal
-47.31,-22.64,2014,1,3,13.88,41.0790840531176,-27.1990840531176,-1.11968316556562,-1.34624672681633,mod.dry,mod.dry
-47.31,-22.64,2014,1,4,16.92,64.6175226007317,-47.6975226007317,-1.94518608649894,-1.99595666064324,sev.dry,sev.dry
-47.31,-22.64,2014,2,5,3.8,49.5956614168903,-45.7956614168903,-2.34694352308115,-1.92829096667553,ext.dry,sev.dry
-47.31,-22.64,2014,2,6,12.02,44.2031838723991,-32.1831838723991,-1.05129974487363,-1.42900807543482,mod.dry,mod.dry
-47.31,-22.64,2014,2,7,12.24,39.6152765047692,-27.3752765047692,-1.17000571625933,-1.36188747659053,mod.dry,mod.dry
-47.31,-22.64,2014,2,8,45.47,35.5732276886152,9.89677231138479,0.24060142023738,0.00495470701047064,Normal,Normal
-47.31,-22.64,2014,3,9,26.85,31.8828218206291,-5.03282182062911,0.0703854891001864,0.00495487993210805,Normal,Normal
-47.31,-22.64,2014,3,10,25.74,35.0140552024482,-9.27405520244825,-0.281506980902181,-0.550109305232347,Normal,Normal
-47.31,-22.64,2014,3,11,27.62,35.945143932324,-8.32514393232399,-0.00314680443394119,-0.417097964793155,Normal,Normal
-47.31,-22.64,2014,3,12,10.87,43.4528523792108,-32.5828523792108,-0.83962533973701,-0.998139616019946,Normal,Normal
-47.31,-22.64,2014,4,13,5.11,33.791813910722,-28.681813910722,-0.677523952951897,-1.41830845304573,Normal,mod.dry
-47.31,-22.64,2014,4,14,30.15,27.556139893878,2.59386010612196,1.03651561555942,0.920420277064165,mod.wet,Normal
-47.31,-22.64,2014,4,15,12.02,26.6760120780109,-14.6560120780109,0.179575303048229,-0.138985850154216,Normal,Normal
-47.31,-22.64,2014,4,16,9.47,31.5207529912194,-22.0507529912195,0.208137417731405,0.0734787687249858,Normal,Normal
-47.31,-22.64,2014,5,17,0.01,26.977913101707,-26.967913101707,-1.68700124195224,-1.42910298687329,sev.dry,mod.dry
-47.31,-22.64,2014,5,18,0,24.4452100816626,-24.4452100816626,-2.99975144511263,-1.59451272729768,ext.dry,sev.dry
-47.31,-22.64,2014,5,19,0.42,23.9979497454218,-23.5779497454218,-1.06103792233171,-2.0008225840709,mod.dry,ext.dry
-47.31,-22.64,2014,5,20,37.7,27.1262381538272,10.5737618461728,0.784262136391113,0.853292711672072,Normal,Normal
-47.31,-22.64,2014,6,21,3.52,20.9139219881845,-17.3939219881845,-0.113480557919712,-0.632031738347162,Normal,Normal
-47.31,-22.64,2014,6,22,0,21.1300526995003,-21.1300526995003,-2.99975144511263,-1.26261822804703,ext.dry,mod.dry
-47.31,-22.64,2014,6,23,2.26,20.0518119909489,-17.7918119909489,0.0217545016668857,-0.394554801020933,Normal,Normal
-47.31,-22.64,2014,6,24,0.04,27.6157595493714,-27.5757595493714,-1.13291495838845,-1.49883970775999,mod.dry,mod.dry
-47.31,-22.64,2014,7,25,1.01,22.5889041583033,-21.5789041583033,0.166413530706082,-1.42426266702254,Normal,mod.dry
-47.31,-22.64,2014,7,26,11.67,19.2534641297383,-7.58346412973827,0.585832295301201,0.635932270553288,Normal,Normal
-47.31,-22.64,2014,7,27,0.62,21.926657117271,-21.306657117271,-0.175463115324016,-0.482166565309198,Normal,Normal
-47.31,-22.64,2014,7,28,11.48,30.3082988920323,-18.8282988920323,0.722385893976369,0.864945336943543,Normal,Normal
-47.31,-22.64,2014,8,29,0.01,27.1983781844537,-27.1883781844537,-0.37833117627102,-2.43755068794099,Normal,ext.dry
-47.31,-22.64,2014,8,30,2.75,26.0804516191158,-23.3304516191158,0.618168200357954,0.254978020192074,Normal,Normal
-47.31,-22.64,2014,8,31,3.34,27.3830678319764,-24.0430678319764,0.238317439952648,0.158512670826464,Normal,Normal
-47.31,-22.64,2014,8,32,1.34,46.9328749951723,-45.5928749951723,-0.478875916380471,-1.20498828006081,Normal,mod.dry
-47.31,-22.64,2014,9,33,16.25,31.8770642842912,-15.6270642842912,0.449703273362884,0.51805841110901,Normal,Normal
-47.31,-22.64,2014,9,34,0,38.4806207149829,-38.4806207149829,-2.99975144511263,-1.13033286462115,ext.dry,mod.dry
-47.31,-22.64,2014,9,35,14.91,38.5347746498788,-23.6247746498788,0.12009265336599,-0.0850422612359663,Normal,Normal
-47.31,-22.64,2014,9,36,25.5,45.0300342277156,-19.5300342277156,0.519471739618586,0.472433880703133,Normal,Normal
-47.31,-22.64,2014,10,37,1.18,36.7469234694014,-35.5669234694014,-1.77917011528496,-0.988450075804862,sev.dry,Normal
-47.31,-22.64,2014,10,38,0.01,49.2898277513364,-49.2798277513364,-2.41930017874849,-1.6937740625612,ext.dry,sev.dry
-47.31,-22.64,2014,10,39,5.31,47.917218518719,-42.607218518719,-1.15128955245647,-1.36273520487942,mod.dry,mod.dry
-47.31,-22.64,2014,10,40,22.08,61.7074811843988,-39.6274811843988,-0.489360887630278,-0.793266182169213,Normal,Normal
-47.31,-22.64,2014,11,41,82.33,35.0588215799548,47.2711784200452,1.9189334863865,1.92799654202064,sev.wet,sev.wet
-47.31,-22.64,2014,11,42,11.83,40.6919103445156,-28.8619103445156,-0.828808894995275,-0.849627644793849,Normal,Normal
-47.31,-22.64,2014,11,43,0.89,44.6649458147835,-43.7749458147835,-2.22215916761447,-1.46782681085396,ext.dry,mod.dry
-47.31,-22.64,2014,11,44,74.74,44.2346345930854,30.5053654069146,0.9928975018173,1.01031688368224,Normal,mod.wet
-47.31,-22.64,2014,12,45,7.71,43.34269039036,-35.63269039036,-2.1460199213921,-1.83385088022004,ext.dry,sev.dry
-47.31,-22.64,2014,12,46,65.05,31.3231043441192,33.7268956558808,0.79622800674908,0.893854477032366,Normal,Normal
-47.31,-22.64,2014,12,47,40.3,40.1195674425477,0.180432557452271,0.00235001358918226,-0.151359048508533,Normal,Normal
-47.31,-22.64,2014,12,48,96.49,51.6460778400189,44.8439221599811,0.981297473976306,0.862178044449961,Normal,Normal
Lon,Lat,Year,Month,quart.month,Rain,EP,P-EP,SPI,SPEI,Categ.SPI,Categ.SPEI
-46.81,-22.64,2013,1,1,36.68,34.5595452162149,2.12045478378513,-0.434995918643643,-0.411635337049757,Normal,Normal
-46.81,-22.64,2013,1,2,134.46,32.4862557038795,101.973744296121,1.76933202292003,1.76201321869235,sev.wet,sev.wet
-46.81,-22.64,2013,1,3,33.52,33.0127421133684,0.507257886631628,-0.228473730379884,-0.188086423441758,Normal,Normal
-46.81,-22.64,2013,1,4,69.85,49.5073641652578,20.3426358347422,-0.00647373069847034,-0.114608652707724,Normal,Normal
-46.81,-22.64,2013,2,5,64.31,31.9352317172332,32.3747682827668,0.695082492195954,0.690793656037279,Normal,Normal
-46.81,-22.64,2013,2,6,37.12,31.1128489843328,6.00715101566717,-0.0550469780915053,-0.0830164088664382,Normal,Normal
-46.81,-22.64,2013,2,7,26.37,33.5669445383882,-7.19694453838816,-0.464628689336377,-0.514605293184426,Normal,Normal
-46.81,-22.64,2013,2,8,31.59,32.3723479502569,-0.782347950256881,-0.318510887548088,-0.382457358039969,Normal,Normal
-46.81,-22.64,2013,3,9,17.95,33.0168266812314,-15.0668266812314,-0.517983149111819,-0.631961422163761,Normal,Normal
-46.81,-22.64,2013,3,10,88.63,27.3526081855857,61.2773918144143,1.95589110705764,1.93975159517595,sev.wet,sev.wet
-46.81,-22.64,2013,3,11,48.29,23.6830877386753,24.6069122613247,0.686731523440558,0.893281114828517,Normal,Normal
-46.81,-22.64,2013,3,12,31.81,37.8681702273527,-6.0581702273527,-0.055284803740962,0.016610979326385,Normal,Normal
-46.81,-22.64,2013,4,13,60.19,22.2603140669813,37.9296859330187,1.79240883846298,1.86663664059672,sev.wet,sev.wet
-46.81,-22.64,2013,4,14,38.65,23.2235840528406,15.4264159471594,1.2841735487694,1.36999563492765,mod.wet,mod.wet
-46.81,-22.64,2013,4,15,0.33,23.8362545713269,-23.5062545713269,-1.87866106285579,-1.01004915563347,sev.dry,mod.dry
-46.81,-22.64,2013,4,16,0.12,29.6292672516263,-29.5092672516263,-1.31462261286512,-0.766791407400529,mod.dry,Normal
-46.81,-22.64,2013,5,17,1.02,21.9332758834142,-20.9132758834142,-0.660712317774273,-0.62267277639063,Normal,Normal
-46.81,-22.64,2013,5,18,0.25,21.5840754152035,-21.3340754152035,-1.08209502321147,-1.01275751113885,mod.dry,mod.dry
-46.81,-22.64,2013,5,19,0.83,19.4043759255197,-18.5743759255197,-0.925420194944925,-0.87372934270855,Normal,Normal
-46.81,-22.64,2013,5,20,100.35,23.0633890411876,77.2866109588124,1.92356669630185,1.93046867542684,sev.wet,sev.wet
-46.81,-22.64,2013,6,21,12.97,18.0690085349504,-5.09900853495042,0.506474865854935,0.514230924621077,Normal,Normal
-46.81,-22.64,2013,6,22,3.55,17.7151487488767,-14.1651487488767,0.222365407612549,0.102800280758876,Normal,Normal
-46.81,-22.64,2013,6,23,17.15,17.0920307554652,0.057969244534803,1.02793710089183,1.24385756989631,mod.wet,mod.wet
-46.81,-22.64,2013,6,24,36.34,20.4736717043959,15.8663282956041,1.82288268641621,1.93075340612325,sev.wet,sev.wet
-46.81,-22.64,2013,7,25,6.05,18.318246554203,-12.268246554203,0.987894042887367,1.05126502001044,Normal,mod.wet
-46.81,-22.64,2013,7,26,3.02,18.3169575957401,-15.2969575957401,-0.106945575150639,-0.152918764253633,Normal,Normal
-46.81,-22.64,2013,7,27,9.57,19.5096382109034,-9.93963821090341,0.805238463865688,0.881025779351573,Normal,Normal
-46.81,-22.64,2013,7,28,28.12,26.1448347717269,1.97516522827305,1.21857504339225,1.5151356947182,mod.wet,sev.wet
-46.81,-22.64,2013,8,29,0.01,24.4126356803494,-24.4026356803494,-0.504110004697153,-0.703098395339127,Normal,Normal
-46.81,-22.64,2013,8,30,0.98,23.6058990043894,-22.6258990043894,0.296814306280523,0.409050965680818,Normal,Normal
-46.81,-22.64,2013,8,31,5.93,22.6714959834211,-16.7414959834211,0.593931622265434,0.787368335911593,Normal,Normal
-46.81,-22.64,2013,8,32,2,40.2495410474776,-38.2495410474776,-0.309651399636046,-0.183389040798748,Normal,Normal
-46.81,-22.64,2013,9,33,8.91,29.4082915273701,-20.4982915273701,0.233161442978588,0.220826150240926,Normal,Normal
-46.81,-22.64,2013,9,34,0.02,33.3677001609194,-33.3477001609194,-1.3063973828621,-0.482789394331285,mod.dry,Normal
-46.81,-22.64,2013,9,35,26.71,34.0154270596207,-7.30542705962068,0.791431447961054,0.650796073778745,Normal,Normal
-46.81,-22.64,2013,9,36,23.75,40.94210558584,-17.19210558584,0.421483340589943,0.479827638242189,Normal,Normal
-46.81,-22.64,2013,10,37,50.11,28.0567693319018,22.0532306680982,1.04413635926154,1.13972198543876,mod.wet,mod.wet
-46.81,-22.64,2013,10,38,0.61,35.6248673041182,-35.0148673041182,-1.54935215719251,-0.7022386711717,sev.dry,Normal
-46.81,-22.64,2013,10,39,60.36,33.3003801386941,27.0596198613059,1.31607262542887,1.29272101592348,mod.wet,mod.wet
-46.81,-22.64,2013,10,40,22.67,52.3187739577139,-29.6487739577139,-0.531226127240152,-0.421038319179001,Normal,Normal
-46.81,-22.64,2013,11,41,50.32,34.9176447535114,15.4023552464886,0.994470414464921,1.05123877180082,Normal,mod.wet
-46.81,-22.64,2013,11,42,1.36,42.1734359693149,-40.8134359693149,-2.52761192759088,-1.81170290925201,ext.dry,sev.dry
-46.81,-22.64,2013,11,43,31.73,39.6962642587186,-7.96626425871856,-0.00474689928817671,-0.133328697768267,Normal,Normal
-46.81,-22.64,2013,11,44,66.36,42.5761077107745,23.7838922892255,0.713597585182094,0.68091363651581,Normal,Normal
-46.81,-22.64,2013,12,45,32.6,37.0984687943373,-4.49846879433731,-0.278512502603025,-0.256684699371432,Normal,Normal
-46.81,-22.64,2013,12,46,27.87,37.7902830419944,-9.92028304199443,-0.733672801046628,-0.763242822362585,Normal,Normal
-46.81,-22.64,2013,12,47,14.57,42.7899800179144,-28.2199800179144,-1.5810956587878,-1.5919287325006,sev.dry,sev.dry
-46.81,-22.64,2013,12,48,63.13,52.0975367281014,11.0324632718986,0.00480548786245873,-0.150934362897659,Normal,Normal
-46.81,-22.64,2014,1,1,21.8,39.2029380947853,-17.4029380947853,-0.981613885193632,-1.34354724019314,Normal,mod.dry
-46.81,-22.64,2014,1,2,22.59,36.473009668743,-13.883009668743,-1.19235207087512,-1.18914411922722,mod.dry,mod.dry
-46.81,-22.64,2014,1,3,12.68,39.4972670267426,-26.8172670267426,-1.29190248169417,-1.32922745046246,mod.dry,mod.dry
-46.81,-22.64,2014,1,4,17.47,63.8195139604377,-46.3495139604377,-2.17804175309634,-2.04390894065026,ext.dry,ext.dry
-46.81,-22.64,2014,2,5,2.38,49.2044774020403,-46.8244774020403,-2.59163070525993,-2.53343887443565,ext.dry,ext.dry
-46.81,-22.64,2014,2,6,9.48,43.5587251060532,-34.0787251060532,-1.27021080388167,-1.53406625276787,mod.dry,sev.dry
-46.81,-22.64,2014,2,7,24.75,38.8487159351116,-14.0987159351116,-0.549500315726565,-0.818306290703053,Normal,Normal
-46.81,-22.64,2014,2,8,37.82,36.0692070568791,1.75079294312089,-0.0748958213394015,-0.290784366442484,Normal,Normal
-46.81,-22.64,2014,3,9,22.67,32.723430001211,-10.0534300012111,-0.258405737556014,-0.351083705089777,Normal,Normal
-46.81,-22.64,2014,3,10,21.23,36.1515325415446,-14.9215325415446,-0.760193862921363,-1.07497000710575,Normal,mod.dry
-46.81,-22.64,2014,3,11,32.09,36.1481686318031,-4.05816863180313,0.00503760886685742,-0.3758031437589,Normal,Normal
-46.81,-22.64,2014,3,12,24.47,42.7659012455675,-18.2959012455675,-0.319573982432197,-0.473266349047277,Normal,Normal
-46.81,-22.64,2014,4,13,13.33,32.4426443888999,-19.1126443888999,-0.0531970162438795,-0.564618500411215,Normal,Normal
-46.81,-22.64,2014,4,14,32.29,27.8899277480062,4.40007225199385,1.07679982664751,0.936003616632721,mod.wet,Normal
-46.81,-22.64,2014,4,15,14.02,26.5572215623736,-12.5372215623736,0.343471490789715,0.0154571994578372,Normal,Normal
-46.81,-22.64,2014,4,16,7.44,31.4438002364048,-24.0038002364048,0.0858965279867435,-0.163856102501188,Normal,Normal
-46.81,-22.64,2014,5,17,0.05,26.3064659065328,-26.2564659065328,-1.49168075502281,-1.38316157127243,mod.dry,mod.dry
-46.81,-22.64,2014,5,18,0.31,23.8180082378223,-23.5080082378223,-1.01589489287576,-1.61290304766542,mod.dry,sev.dry
-46.81,-22.64,2014,5,19,1.18,23.2658763255355,-22.0858763255355,-0.795593058800966,-1.6845697988703,Normal,sev.dry
-46.81,-22.64,2014,5,20,36.49,27.1218093730976,9.3681906269024,0.776653440129134,0.85364080804209,Normal,Normal
-46.81,-22.64,2014,6,21,5.57,20.6971623021109,-15.1271623021109,0.0830372866109919,-0.363308944025848,Normal,Normal
-46.81,-22.64,2014,6,22,0.23,20.9646154094958,-20.7346154094958,-0.773529271836713,-1.36463023741303,Normal,mod.dry
-46.81,-22.64,2014,6,23,4.88,19.8490203494136,-14.9690203494136,0.430073638298002,0.129579665081798,Normal,Normal
-46.81,-22.64,2014,6,24,0.09,26.6372806766178,-26.5472806766178,-0.964181384791067,-1.44196725229648,Normal,mod.dry
-46.81,-22.64,2014,7,25,0.81,21.8133586640167,-21.0033586640167,0.171035875427482,-1.44469748595658,Normal,mod.dry
-46.81,-22.64,2014,7,26,15.55,19.2156724209651,-3.66567242096506,0.804944252787933,0.820159089153807,Normal,Normal
-46.81,-22.64,2014,7,27,0.31,21.6502043014533,-21.3402043014533,-0.375431132296889,-0.669289994055415,Normal,Normal
-46.81,-22.64,2014,7,28,15.65,29.0830801635433,-13.4330801635433,0.851649781159519,1.03646271735282,Normal,mod.wet
-46.81,-22.64,2014,8,29,0.26,26.4583914800588,-26.1983914800588,-0.00361002297406515,-1.91369685326625,Normal,sev.dry
-46.81,-22.64,2014,8,30,3.49,25.4603998720963,-21.9703998720963,0.742014948267052,0.532754285683544,Normal,Normal
-46.81,-22.64,2014,8,31,5.77,26.879683098807,-21.109683098807,0.582988074196038,0.402256762571978,Normal,Normal
-46.81,-22.64,2014,8,32,1.82,45.7738520660047,-43.9538520660047,-0.348412882934628,-1.05420631501554,Normal,mod.dry
-46.81,-22.64,2014,9,33,13.29,31.2962605655868,-18.0062605655868,0.475461065033761,0.370121865678701,Normal,Normal
-46.81,-22.64,2014,9,34,0,37.4141866429487,-37.4141866429487,-2.99975144511263,-1.10745308640008,ext.dry,mod.dry
-46.81,-22.64,2014,9,35,17.43,37.4137179206016,-19.9837179206016,0.327535607445475,-0.0150035754102505,Normal,Normal
-46.81,-22.64,2014,9,36,23.14,44.4999421802343,-21.3599421802343,0.398130469075458,0.319514196414372,Normal,Normal
-46.81,-22.64,2014,10,37,0.91,36.7922349330829,-35.8822349330829,-1.96818705559078,-1.10322550095175,sev.dry,mod.dry
-46.81,-22.64,2014,10,38,0.04,47.4717964569294,-47.4317964569294,-2.39333705271987,-1.54533798581841,ext.dry,sev.dry
-46.81,-22.64,2014,10,39,11.73,46.1367159847827,-34.4067159847827,-0.701932522664062,-1.0462532743639,Normal,mod.dry
-46.81,-22.64,2014,10,40,22.02,59.307051920214,-37.287051920214,-0.570417920458562,-0.822051527642943,Normal,Normal
-46.81,-22.64,2014,11,41,74.86,34.7865157223605,40.0734842776395,1.73511795750866,1.71839761155891,sev.wet,sev.wet
-46.81,-22.64,2014,11,42,14.8,40.5177442321347,-25.7177442321347,-0.634652953395874,-0.758594729116881,Normal,Normal
-46.81,-22.64,2014,11,43,1.16,44.1276689593923,-42.9676689593923,-2.4210020247178,-1.67424663226498,ext.dry,sev.dry
-46.81,-22.64,2014,11,44,86.35,42.9187013723972,43.4312986276028,1.27403996661115,1.38582833943523,mod.wet,mod.wet
-46.81,-22.64,2014,12,45,7.78,42.5807316192741,-34.8007316192741,-2.4175034666346,-1.8803681482537,ext.dry,sev.dry
-46.81,-22.64,2014,12,46,55.48,32.5614396359442,22.9185603640558,0.407925851100037,0.434035161719488,Normal,Normal
-46.81,-22.64,2014,12,47,50.07,39.0289355679945,11.0410644320055,0.214384708414442,0.0480566499389856,Normal,Normal
-46.81,-22.64,2014,12,48,83,50.7625217918226,32.2374782081774,0.588222508579149,0.434387702687412,Normal,Normal
Lon,Lat,Year,Month,quart.month,Rain,EP,P-EP,SPI,SPEI,Categ.SPI,Categ.SPEI
-47.3,-23.14,2013,1,1,18.47,35.2922764484213,-16.8222764484213,-1.04648560088848,-1.00543905425942,mod.dry,mod.dry
-47.3,-23.14,2013,1,2,93.55,33.2321280748498,60.3178719251502,1.0488030551306,1.0484733428228,mod.wet,mod.wet
-47.3,-23.14,2013,1,3,38.2,33.6746178626137,4.52538213738634,0.0144987334565358,0.155015809300684,Normal,Normal
-47.3,-23.14,2013,1,4,45.85,50.2522133466612,-4.40221334666123,-0.589815806913857,-0.576317699165813,Normal,Normal
-47.3,-23.14,2013,2,5,45.65,31.3949456601151,14.2550543398849,0.243374201297466,0.257561185616829,Normal,Normal
-47.3,-23.14,2013,2,6,29.56,31.1212876532546,-1.56128765325461,-0.261758727550794,-0.264897424745779,Normal,Normal
-47.3,-23.14,2013,2,7,30.83,33.1622089828673,-2.33220898286731,-0.0827055136686719,-0.184983213311488,Normal,Normal
-47.3,-23.14,2013,2,8,27.26,32.166105255039,-4.90610525503897,-0.370767045913928,-0.40152277072432,Normal,Normal
-47.3,-23.14,2013,3,9,15.23,34.073769415267,-18.843769415267,-0.618580397473453,-0.7948074465785,Normal,Normal
-47.3,-23.14,2013,3,10,81.74,27.1788694717614,54.5611305282386,1.71168007529303,1.80165590821445,sev.wet,sev.wet
-47.3,-23.14,2013,3,11,42.17,21.9059341178673,20.2640658821327,0.684144452474411,0.872073323084144,Normal,Normal
-47.3,-23.14,2013,3,12,11.35,37.93548011498,-26.58548011498,-0.64218987427239,-0.583500691656318,Normal,Normal
-47.3,-23.14,2013,4,13,68.39,23.5691089295447,44.8208910704553,1.96103020553798,1.94903183136587,sev.wet,sev.wet
-47.3,-23.14,2013,4,14,46.58,23.3729052062065,23.2070947937935,1.51317244227843,1.63676437933983,sev.wet,sev.wet
-47.3,-23.14,2013,4,15,0.09,23.331045199795,-23.241045199795,-2.5419581672249,-0.978374458195354,ext.dry,Normal
-47.3,-23.14,2013,4,16,0.01,29.2863398917517,-29.2763398917517,-2.24097765827764,-0.821345252537953,ext.dry,Normal
-47.3,-23.14,2013,5,17,0.38,22.4858063338131,-22.1058063338131,-0.938231484452747,-0.760434671278538,Normal,Normal
-47.3,-23.14,2013,5,18,0.09,21.9476445555327,-21.8576445555327,-1.5208650659185,-1.16906393598992,sev.dry,mod.dry
-47.3,-23.14,2013,5,19,0.46,19.7805539795169,-19.3205539795169,-1.0193008639879,-1.09480769119059,mod.dry,mod.dry
-47.3,-23.14,2013,5,20,83.26,23.3987605638345,59.8612394361655,1.72851436943713,1.80245522529751,sev.wet,sev.wet
-47.3,-23.14,2013,6,21,16.05,17.5103327911443,-1.46033279114427,0.466687287786324,0.440129115002411,Normal,Normal
-47.3,-23.14,2013,6,22,5.9,17.5498865289495,-11.6498865289495,0.453967905164791,0.308970234197877,Normal,Normal
-47.3,-23.14,2013,6,23,24.25,16.1875229280989,8.06247707190107,1.12297962823084,1.27989813947795,mod.wet,mod.wet
-47.3,-23.14,2013,6,24,72.64,19.3728047371021,53.2671952628979,2.12783536852554,2.1381867000437,ext.wet,ext.wet
-47.3,-23.14,2013,7,25,9.19,17.6205139284873,-8.43051392848735,0.898582798887671,1.02000502304308,Normal,mod.wet
-47.3,-23.14,2013,7,26,1.3,17.8599552473716,-16.5599552473716,-0.560741777343016,-0.532416346184722,Normal,Normal
-47.3,-23.14,2013,7,27,19.65,19.1811240770494,0.46887592295057,1.12531729321847,1.25478486236748,mod.wet,mod.wet
-47.3,-23.14,2013,7,28,13.41,24.6219577686322,-11.2119577686322,0.586429367400863,0.992122049957303,Normal,Normal
-47.3,-23.14,2013,8,29,0.08,24.3001151726414,-24.2201151726414,-0.415570796692349,-0.881999467626096,Normal,Normal
-47.3,-23.14,2013,8,30,1.16,22.4392609213846,-21.2792609213846,0.0536220374550363,0.182037018183183,Normal,Normal
-47.3,-23.14,2013,8,31,1.89,21.6847781223165,-19.7947781223165,0.117688636985833,0.413627094944848,Normal,Normal
-47.3,-23.14,2013,8,32,1.79,38.9611407214912,-37.1711407214912,-0.408191754575748,-0.228747205097163,Normal,Normal
-47.3,-23.14,2013,9,33,3.01,29.1468248029213,-26.1368248029213,-0.300576492524017,-0.328189460707678,Normal,Normal
-47.3,-23.14,2013,9,34,0.02,34.3977772358506,-34.3777772358506,-1.61182283950734,-0.76631619456692,sev.dry,Normal
-47.3,-23.14,2013,9,35,17.82,34.0604883411575,-16.2404883411575,0.252839782425439,0.193237784571699,Normal,Normal
-47.3,-23.14,2013,9,36,31.96,39.3388487756533,-7.37884877565325,0.679922264490977,0.717837342598123,Normal,Normal
-47.3,-23.14,2013,10,37,48.37,28.3407144605674,20.0292855394326,1.05229724296062,1.13430460068877,mod.wet,mod.wet
-47.3,-23.14,2013,10,38,0.41,35.2046156359987,-34.7946156359987,-1.78355324323098,-0.667995054309533,sev.dry,Normal
-47.3,-23.14,2013,10,39,32.29,35.1459263348646,-2.85592633486464,0.57823578579609,0.519705485696871,Normal,Normal
-47.3,-23.14,2013,10,40,37.71,52.4015889490913,-14.6915889490913,0.300079587052315,0.281997303925263,Normal,Normal
-47.3,-23.14,2013,11,41,32,35.0440529230668,-3.04405292306678,0.53397260415212,0.657978736152291,Normal,Normal
-47.3,-23.14,2013,11,42,1.67,44.0149217291217,-42.3449217291217,-2.38886824966954,-1.55346182425675,ext.dry,sev.dry
-47.3,-23.14,2013,11,43,24.59,42.4519435609202,-17.8619435609202,-0.0868699028298786,-0.301650550292959,Normal,Normal
-47.3,-23.14,2013,11,44,39.92,45.4820159082702,-5.56201590827024,-0.00783130337759202,0.0363095217297561,Normal,Normal
-47.3,-23.14,2013,12,45,19.79,41.2953492177591,-21.5053492177591,-0.816420077617964,-0.843084087811457,Normal,Normal
-47.3,-23.14,2013,12,46,20.29,42.2272876807024,-21.9372876807024,-0.859389728404573,-0.96770931122901,Normal,Normal
-47.3,-23.14,2013,12,47,1.84,47.2725293627008,-45.4325293627007,-2.99975144511263,-2.24627684277471,ext.dry,ext.dry
-47.3,-23.14,2013,12,48,45.92,57.5042989164388,-11.5842989164388,-0.344209290617402,-0.490840909064811,Normal,Normal
-47.3,-23.14,2014,1,1,23.65,38.7900749912741,-15.1400749912741,-0.80209506216993,-0.932487666244603,Normal,Normal
-47.3,-23.14,2014,1,2,35.85,37.5691527124253,-1.71915271242525,-0.614538270919287,-0.700268990264385,Normal,Normal
-47.3,-23.14,2014,1,3,13.61,42.0324908706855,-28.4224908706855,-1.10003133820226,-1.52522296091199,mod.dry,sev.dry
-47.3,-23.14,2014,1,4,21.82,65.3077866398505,-43.4877866398505,-1.58282686811782,-2.04488118446732,sev.dry,ext.dry
-47.3,-23.14,2014,2,5,2.99,49.9078734439205,-46.9178734439204,-2.35152632901966,-2.25428107334975,ext.dry,ext.dry
-47.3,-23.14,2014,2,6,12.61,44.2458458790835,-31.6358458790835,-1.04880840302333,-1.40885048766426,mod.dry,mod.dry
-47.3,-23.14,2014,2,7,11.21,39.404244177731,-28.194244177731,-1.27913336645637,-1.32576249770226,mod.dry,mod.dry
-47.3,-23.14,2014,2,8,48.1,34.5882576788872,13.5117423211128,0.460917670109188,0.295839612261157,Normal,Normal
-47.3,-23.14,2014,3,9,33.08,32.0151538387406,1.06484616125943,0.251235345970769,0.209441380998725,Normal,Normal
-47.3,-23.14,2014,3,10,30.12,32.4850407039525,-2.36504070395253,-0.0720651290522918,-0.254388042349088,Normal,Normal
-47.3,-23.14,2014,3,11,21.91,35.3683024615223,-13.4583024615223,-0.375644246993716,-0.841867058007608,Normal,Normal
-47.3,-23.14,2014,3,12,8.01,43.2113690928821,-35.2013690928821,-0.877421388182238,-1.10807859472856,Normal,mod.dry
-47.3,-23.14,2014,4,13,2.17,33.4490324101726,-31.2790324101726,-1.23370243903586,-1.958367776161,mod.dry,sev.dry
-47.3,-23.14,2014,4,14,44,26.5015440059011,17.4984559940989,1.44101047397858,1.44395716279751,mod.wet,mod.wet
-47.3,-23.14,2014,4,15,16.02,25.1816250803849,-9.16162508038489,0.375323890440789,0.164300969680115,Normal,Normal
-47.3,-23.14,2014,4,16,5.5,30.4149116009781,-24.9149116009781,-0.173407377219766,-0.345377823718964,Normal,Normal
-47.3,-23.14,2014,5,17,0,26.0983545400727,-26.0983545400727,-2.99975144511263,-1.48020478110919,ext.dry,mod.dry
-47.3,-23.14,2014,5,18,0.21,23.386430308606,-23.176430308606,-1.26602676471125,-1.52151987276796,mod.dry,sev.dry
-47.3,-23.14,2014,5,19,0.73,23.1419877427535,-22.4119877427535,-0.868322772796692,-2.12334516890069,Normal,ext.dry
-47.3,-23.14,2014,5,20,39.35,25.2565769722727,14.0934230277273,0.814784538449093,0.862687870194968,Normal,Normal
-47.3,-23.14,2014,6,21,6.66,19.2346787153957,-12.5746787153957,0.0143884735397095,-0.296150067993709,Normal,Normal
-47.3,-23.14,2014,6,22,0.49,19.9367798729385,-19.4467798729385,-0.748205010166766,-1.08043729824892,Normal,mod.dry
-47.3,-23.14,2014,6,23,4.49,18.7795562208423,-14.2895562208423,0.0629717894145574,-0.192946553858446,Normal,Normal
-47.3,-23.14,2014,6,24,0.08,26.267353553929,-26.187353553929,-1.02322031950826,-1.41795939031323,mod.dry,mod.dry
-47.3,-23.14,2014,7,25,0.82,21.4620758596656,-20.6420758596656,0.0868548037667534,-1.29165466787623,Normal,mod.dry
-47.3,-23.14,2014,7,26,9.23,18.1755894424943,-8.94558944249434,0.355709301152783,0.249055194327336,Normal,Normal
-47.3,-23.14,2014,7,27,1.35,20.6201749629218,-19.2701749629218,-0.143397560231121,-0.405479932253712,Normal,Normal
-47.3,-23.14,2014,7,28,9.88,29.6602816497562,-19.7802816497562,0.414703923137322,0.502758228864558,Normal,Normal
-47.3,-23.14,2014,8,29,0.2,26.5590338222201,-26.3590338222201,-0.246425902245988,-2.19485125113828,Normal,ext.dry
-47.3,-23.14,2014,8,30,6.53,24.7429629383895,-18.2129629383895,0.809334359128696,0.613233746404896,Normal,Normal
-47.3,-23.14,2014,8,31,7.27,25.7008416058895,-18.4308416058895,0.594486293303463,0.538308043228083,Normal,Normal
-47.3,-23.14,2014,8,32,4.67,45.0458168156957,-40.3758168156957,0.0196993975058711,-0.695602918303107,Normal,Normal
-47.3,-23.14,2014,9,33,13.46,30.2906724930908,-16.8306724930908,0.388995676512864,0.266999601353628,Normal,Normal
-47.3,-23.14,2014,9,34,0,37.6863261211002,-37.6863261211002,-2.99975144511263,-1.20707539708778,ext.dry,mod.dry
-47.3,-23.14,2014,9,35,12.12,37.0830724245497,-24.9630724245497,-0.0477799722012481,-0.30636241614464,Normal,Normal
-47.3,-23.14,2014,9,36,32.22,43.5412672422127,-11.3212672422127,0.687973933863454,0.590786308088839,Normal,Normal
-47.3,-23.14,2014,10,37,1.36,34.83478878308,-33.47478878308,-1.67927550333025,-0.922035827963677,sev.dry,Normal
-47.3,-23.14,2014,10,38,0,48.6063365764818,-48.6063365764818,-2.99975144511263,-2.02464182777964,ext.dry,ext.dry
-47.3,-23.14,2014,10,39,3.94,47.4138723963105,-43.4738723963105,-1.61897910213524,-1.63879446678986,sev.dry,sev.dry
-47.3,-23.14,2014,10,40,18.08,62.4102784364138,-44.3302784364138,-0.81224153884267,-1.14704929273533,Normal,mod.dry
-47.3,-23.14,2014,11,41,72.31,35.1269739531053,37.1830260468947,1.75586666121543,1.75993393707724,sev.wet,sev.wet
-47.3,-23.14,2014,11,42,17.94,40.3300444472667,-22.3900444472667,-0.332450168167518,-0.496751400592948,Normal,Normal
-47.3,-23.14,2014,11,43,2.72,44.9014932090495,-42.1814932090495,-1.77798648181637,-1.48202760475978,sev.dry,mod.dry
-47.3,-23.14,2014,11,44,54.89,46.9157528309229,7.97424716907713,0.533925873767922,0.475634995076974,Normal,Normal
-47.3,-23.14,2014,12,45,11.58,44.8375719703904,-33.2575719703904,-1.58327606308456,-1.59303776502639,sev.dry,sev.dry
-47.3,-23.14,2014,12,46,61.73,31.632248786531,30.097751213469,0.81424451420435,0.935140125771538,Normal,Normal
-47.3,-23.14,2014,12,47,36.88,41.4501109918726,-4.5701109918726,-0.0569847536097062,-0.270621197532892,Normal,Normal
-47.3,-23.14,2014,12,48,90.69,52.8453374093497,37.8446625906503,1.01938137739157,0.914163053107931,mod.wet,Normal
Lon,Lat,Year,Month,quart.month,Rain,EP,P-EP,SPI,SPEI,Categ.SPI,Categ.SPEI
-46.8,-23.14,2013,1,1,25.24,32.8788917315713,-7.63889173157129,-0.874982999830679,-0.842735498863488,Normal,Normal
-46.8,-23.14,2013,1,2,99.89,31.5852879514483,68.3047120485517,1.30378494603067,1.28966129165828,mod.wet,mod.wet
-46.8,-23.14,2013,1,3,34.46,32.3286385941433,2.13136140585671,-0.189230031552972,-0.0713766272510265,Normal,Normal
-46.8,-23.14,2013,1,4,46.55,48.4287421448805,-1.87874214488045,-0.724611097963451,-0.701762451538278,Normal,Normal
-46.8,-23.14,2013,2,5,61.04,30.7989026621293,30.2410973378707,0.550144335053211,0.514990530307805,Normal,Normal
-46.8,-23.14,2013,2,6,39.8,31.0436262435847,8.75637375641535,0.0493511475855046,-0.0482592438022074,Normal,Normal
-46.8,-23.14,2013,2,7,44.95,33.040901803719,11.909098196281,0.310377686723362,0.119820095661258,Normal,Normal
-46.8,-23.14,2013,2,8,29.58,31.2355327914189,-1.65553279141891,-0.429769887666304,-0.463171681070058,Normal,Normal
-46.8,-23.14,2013,3,9,17.85,32.1910731738424,-14.3410731738424,-0.641099702605203,-0.764886134108512,Normal,Normal
-46.8,-23.14,2013,3,10,82.95,26.3141131274577,56.6358868725423,1.78946799842607,1.91091681357438,sev.wet,sev.wet
-46.8,-23.14,2013,3,11,48.21,22.5651565968271,25.6448434031729,0.781556764491889,0.935103975244183,Normal,Normal
-46.8,-23.14,2013,3,12,18.34,35.9035314394645,-17.5635314394645,-0.466716949193528,-0.403504427520957,Normal,Normal
-46.8,-23.14,2013,4,13,47.48,22.2268096024963,25.2531903975037,1.31497414250923,1.43143715520649,mod.wet,mod.wet
-46.8,-23.14,2013,4,14,49.82,22.1017009598088,27.7182990401912,1.60569830234379,1.7456329496199,sev.wet,sev.wet
-46.8,-23.14,2013,4,15,0.24,21.9213329004918,-21.6813329004918,-1.93401932066307,-0.964714949785986,sev.dry,Normal
-46.8,-23.14,2013,4,16,0.11,28.0727802545332,-27.9627802545332,-1.57784334744663,-0.876475870132187,sev.dry,Normal
-46.8,-23.14,2013,5,17,2.15,21.1345788190839,-18.9845788190839,-0.460872999408105,-0.602653069693956,Normal,Normal
-46.8,-23.14,2013,5,18,0.27,20.8732388153156,-20.6032388153156,-1.2362739605592,-1.24831462009194,mod.dry,mod.dry
-46.8,-23.14,2013,5,19,1.56,18.3023407724362,-16.7423407724362,-0.821678007658442,-0.922882410018196,Normal,Normal
-46.8,-23.14,2013,5,20,68.3,22.3376016574208,45.9623983425792,1.44595685181213,1.55366808688217,mod.wet,sev.wet
-46.8,-23.14,2013,6,21,12.03,16.8533014868043,-4.82330148680434,0.308574752391616,0.199502771923905,Normal,Normal
-46.8,-23.14,2013,6,22,3.76,16.7411005693861,-12.9811005693861,0.209380397361531,0.0363478074070861,Normal,Normal
-46.8,-23.14,2013,6,23,18.61,15.8616437195409,2.74835628045914,0.954336217643784,1.15560122450883,Normal,mod.wet
-46.8,-23.14,2013,6,24,66.92,18.724282937058,48.1957170629421,2.13268842627895,2.1406538372999,ext.wet,ext.wet
-46.8,-23.14,2013,7,25,12.97,17.4839154023896,-4.51391540238961,1.09822030787632,1.24381406103888,mod.wet,mod.wet
-46.8,-23.14,2013,7,26,2.55,17.1252906011506,-14.5752906011506,-0.245331858881491,-0.339187481330109,Normal,Normal
-46.8,-23.14,2013,7,27,14.16,18.207422776794,-4.04742277679395,0.909947365333568,0.996707371168073,Normal,Normal
-46.8,-23.14,2013,7,28,25.38,24.1331269613905,1.2468730386095,0.962110483060182,1.25905252139152,Normal,mod.wet
-46.8,-23.14,2013,8,29,0.05,23.1347933750413,-23.0847933750413,-0.470119964619414,-0.887682426702301,Normal,Normal
-46.8,-23.14,2013,8,30,1.44,21.7180289886814,-20.2780289886814,0.137943298826071,0.172315859485651,Normal,Normal
-46.8,-23.14,2013,8,31,3.29,20.5191367367524,-17.2291367367524,0.280959351431319,0.502912230193826,Normal,Normal
-46.8,-23.14,2013,8,32,2.07,37.395158667783,-35.325158667783,-0.364961760611897,-0.226211982085928,Normal,Normal
-46.8,-23.14,2013,9,33,7.18,27.4889487960335,-20.3089487960335,-0.0511758779873128,-0.0659371746125038,Normal,Normal
-46.8,-23.14,2013,9,34,0.03,32.4292209076344,-32.3992209076344,-1.25332309933115,-0.664361720168947,mod.dry,Normal
-46.8,-23.14,2013,9,35,19.68,32.6255685402729,-12.9455685402729,0.478743165128281,0.282353927454109,Normal,Normal
-46.8,-23.14,2013,9,36,30.34,37.2696450978836,-6.92964509788365,0.558995999320196,0.636268494497485,Normal,Normal
-46.8,-23.14,2013,10,37,44.9,26.2801950734653,18.6198049265347,0.896369016447232,1.00886588663787,Normal,mod.wet
-46.8,-23.14,2013,10,38,1.81,34.1913806745418,-32.3813806745418,-1.29190262883375,-0.668686787054834,mod.dry,Normal
-46.8,-23.14,2013,10,39,55.27,32.5726157502604,22.6973842497396,1.23383735703855,1.20347218870079,mod.wet,mod.wet
-46.8,-23.14,2013,10,40,17.48,50.9766606380946,-33.4966606380946,-0.809355976845949,-0.684550879549135,Normal,Normal
-46.8,-23.14,2013,11,41,35.97,33.8518715125076,2.11812848749235,0.639287369531954,0.742496698956541,Normal,Normal
-46.8,-23.14,2013,11,42,1.05,41.7079634380309,-40.6579634380309,-2.58819753342522,-1.67171429191763,ext.dry,sev.dry
-46.8,-23.14,2013,11,43,29.52,40.3803018774825,-10.8603018774825,-0.0431330378721971,-0.230408078424945,Normal,Normal
-46.8,-23.14,2013,11,44,60.37,42.815058555026,17.5549414449739,0.569761687209389,0.552306175415525,Normal,Normal
-46.8,-23.14,2013,12,45,31.05,37.2129502403299,-6.16295024032989,-0.313684505510804,-0.370781124613252,Normal,Normal
-46.8,-23.14,2013,12,46,25.16,37.580339034007,-12.420339034007,-0.688636822397108,-0.735245301952851,Normal,Normal
-46.8,-23.14,2013,12,47,6.29,41.4722377995119,-35.1822377995119,-2.5299666251503,-1.87673243659636,ext.dry,sev.dry
-46.8,-23.14,2013,12,48,51.65,53.4755647738238,-1.82556477382379,-0.294452276216644,-0.443239439968981,Normal,Normal
-46.8,-23.14,2014,1,1,22.51,37.5822930042348,-15.0722930042348,-0.999478215805635,-1.18204340930281,Normal,mod.dry
-46.8,-23.14,2014,1,2,36.88,37.3108797692004,-0.430879769200409,-0.646382225702231,-0.773377733442705,Normal,Normal
-46.8,-23.14,2014,1,3,18.12,38.5612678454552,-20.4412678454552,-0.908827231314031,-1.16664822151987,Normal,mod.dry
-46.8,-23.14,2014,1,4,21.54,63.3933303312171,-41.8533303312171,-1.8923713197497,-2.15992167687385,sev.dry,ext.dry
-46.8,-23.14,2014,2,5,1.77,49.8653564448342,-48.0953564448342,-2.99975144511263,-2.41975639154261,ext.dry,ext.dry
-46.8,-23.14,2014,2,6,11.71,43.7928706368122,-32.0828706368122,-1.15595230035858,-1.41521138625532,mod.dry,mod.dry
-46.8,-23.14,2014,2,7,18.58,37.5955871232,-19.0155871232,-0.987951890485504,-1.13092671463327,Normal,mod.dry
-46.8,-23.14,2014,2,8,43.46,34.7746641890215,8.6853358109785,0.145252517794226,-0.0722692945361481,Normal,Normal
-46.8,-23.14,2014,3,9,30.75,31.8687544454814,-1.11875444548144,0.0302757208188985,-0.0983208647340393,Normal,Normal
-46.8,-23.14,2014,3,10,31.96,32.0843082115548,-0.124308211554798,-0.17982040911776,-0.3960860408423,Normal,Normal
-46.8,-23.14,2014,3,11,28.74,34.348589183312,-5.608589183312,-0.128368530073909,-0.555088698993347,Normal,Normal
-46.8,-23.14,2014,3,12,21.82,40.7229303879343,-18.9029303879343,-0.313232784299933,-0.467666867068328,Normal,Normal
-46.8,-23.14,2014,4,13,10.3,30.5102291698433,-20.2102291698433,-0.31248202165892,-0.847556143667642,Normal,Normal
-46.8,-23.14,2014,4,14,42.63,25.7759928254236,16.8540071745764,1.40011346879433,1.37276070614483,mod.wet,mod.wet
-46.8,-23.14,2014,4,15,19.39,23.6102547243925,-4.2202547243925,0.623705630593653,0.505617995960296,Normal,Normal
-46.8,-23.14,2014,4,16,3.4,28.5880244546531,-25.1880244546531,-0.428417253114975,-0.561046104428416,Normal,Normal
-46.8,-23.14,2014,5,17,0.06,25.3446791677125,-25.2846791677125,-1.5524301883458,-1.50443356893601,sev.dry,sev.dry
-46.8,-23.14,2014,5,18,1.79,22.2373141859697,-20.4473141859697,-0.493361430084169,-1.20915507754401,Normal,mod.dry
-46.8,-23.14,2014,5,19,2.34,21.9293524417566,-19.5893524417566,-0.636457348584045,-1.61205427168243,Normal,sev.dry
-46.8,-23.14,2014,5,20,39.73,24.1485204255715,15.5814795744285,0.840730168257649,0.941221290676664,Normal,Normal
-46.8,-23.14,2014,6,21,6.62,18.8825070217284,-12.2625070217284,0.0177579644420859,-0.35035193601923,Normal,Normal
-46.8,-23.14,2014,6,22,0.76,19.2128724149068,-18.4528724149068,-0.494456508345874,-1.06252821406514,Normal,mod.dry
-46.8,-23.14,2014,6,23,7.45,17.6961507395838,-10.2461507395838,0.40639456458541,0.333115249738505,Normal,Normal
-46.8,-23.14,2014,6,24,0.1,24.9731025871974,-24.8731025871974,-1.13928538040548,-1.33893515057051,mod.dry,mod.dry
-46.8,-23.14,2014,7,25,0.58,20.7192199028049,-20.1392199028049,-0.0144866335764338,-1.67842844664414,Normal,sev.dry
-46.8,-23.14,2014,7,26,15.77,16.9175198498943,-1.14751984989426,0.644016579602441,0.689607034651002,Normal,Normal
-46.8,-23.14,2014,7,27,0.59,19.9084062496834,-19.3184062496834,-0.356977723987724,-0.622563650402136,Normal,Normal
-46.8,-23.14,2014,7,28,12.61,27.675120013099,-15.065120013099,0.50210157045511,0.594847962885227,Normal,Normal
-46.8,-23.14,2014,8,29,0.39,25.3350258333762,-24.9450258333762,-0.0758617054137865,-1.96002280047616,Normal,sev.dry
-46.8,-23.14,2014,8,30,9.13,23.1469635328149,-14.0169635328149,1.05360799788258,0.970233777117058,mod.wet,Normal
-46.8,-23.14,2014,8,31,10.68,24.658237466918,-13.978237466918,0.783707586158934,0.750972929969201,Normal,Normal
-46.8,-23.14,2014,8,32,4.84,43.4839289776817,-38.6439289776817,0.0330158066578149,-0.702662790018045,Normal,Normal
-46.8,-23.14,2014,9,33,14.8,28.8112853737117,-14.0112853737117,0.410373782505514,0.313943499397797,Normal,Normal
-46.8,-23.14,2014,9,34,0,36.2410274215618,-36.2410274215618,-2.99975144511263,-1.20675364478,ext.dry,mod.dry
-46.8,-23.14,2014,9,35,14.11,36.1338024288218,-22.0238024288218,0.154045756331021,-0.252921525738511,Normal,Normal
-46.8,-23.14,2014,9,36,26.5,42.0743899848286,-15.5743899848286,0.433885400813921,0.344105406129276,Normal,Normal
-46.8,-23.14,2014,10,37,1.24,33.1313046344426,-31.8913046344426,-1.79336209212289,-0.974621521319603,sev.dry,Normal
-46.8,-23.14,2014,10,38,0.03,46.6613200521832,-46.6313200521832,-2.79614096770953,-1.67236415654454,ext.dry,sev.dry
-46.8,-23.14,2014,10,39,8.07,45.5883490471163,-37.5183490471163,-1.04579726376348,-1.33071683327599,mod.dry,mod.dry
-46.8,-23.14,2014,10,40,19.09,58.6541991131307,-39.5641991131307,-0.699603921653109,-0.995404018900937,Normal,Normal
-46.8,-23.14,2014,11,41,73.18,34.0321427038921,39.1478572961079,1.74192091364348,1.7127808636009,sev.wet,sev.wet
-46.8,-23.14,2014,11,42,15.19,39.0476364431746,-23.8576364431746,-0.527678260650975,-0.671104142799746,Normal,Normal
-46.8,-23.14,2014,11,43,2.28,42.5517405874786,-40.2717405874786,-2.20275870512245,-1.75785613622455,ext.dry,sev.dry
-46.8,-23.14,2014,11,44,63.66,43.9256360132385,19.7343639867615,0.676496353135128,0.624086751061957,Normal,Normal
-46.8,-23.14,2014,12,45,7.34,42.988243427025,-35.648243427025,-2.44411209069187,-1.87894472989589,ext.dry,sev.dry
-46.8,-23.14,2014,12,46,52.29,33.0152612900726,19.2747387099274,0.416678534225728,0.422317408392617,Normal,Normal
-46.8,-23.14,2014,12,47,31.72,39.5532363602642,-7.8332363602642,-0.45647981845026,-0.631195812965138,Normal,Normal
-46.8,-23.14,2014,12,48,90.57,50.7993272483837,39.7706727516163,0.925414567224292,0.792131975013844,Normal,Normal
Lon,Lat,Year,Month,quart.month,Rain,EP,P-EP,SPI,SPEI,Categ.SPI,Categ.SPEI
-47.31,-22.64,2013,1,1,27.36,35.7125126032531,-8.35251260325315,-0.679803277303865,-0.23417935577061,Normal,Normal
-47.31,-22.64,2013,1,2,123.48,33.5190395232872,89.9609604767128,1.51999116722105,1.50422510704695,sev.wet,sev.wet
-47.31,-22.64,2013,1,3,40.85,33.2160235278967,7.63397647210332,0.0805593379363514,0.334423534487408,Normal,Normal
-47.31,-22.64,2013,1,4,51.48,49.687271105132,1.792728894868,-0.460961608157659,-0.0965870312536611,Normal,Normal
-47.31,-22.64,2013,2,5,53.58,32.0892185944501,21.4907814055499,0.663501825002031,0.648314933539101,Normal,Normal
-47.31,-22.64,2013,2,6,35.66,30.6117231419329,5.04827685806706,-0.0939074992576138,0.160125825705333,Normal,Normal
-47.31,-22.64,2013,2,7,24.48,32.945093102797,-8.46509310279697,-0.403681745638537,-0.0593601691029348,Normal,Normal
-47.31,-22.64,2013,2,8,35.1,31.9743594851303,3.12564051486975,-0.121444741936671,0.0747193212424438,Normal,Normal
-47.31,-22.64,2013,3,9,8.82,33.6616413260192,-24.8416413260192,-0.976015221348802,-0.425479880616866,Normal,Normal
-47.31,-22.64,2013,3,10,83.37,27.3379783541595,56.0320216458405,1.72646024063549,1.74287342943327,sev.wet,sev.wet
-47.31,-22.64,2013,3,11,41.77,22.5731611094496,19.1968388905504,0.575825880431747,0.85500381952589,Normal,Normal
-47.31,-22.64,2013,3,12,19.73,37.9650661767312,-18.2350661767312,-0.312324705746724,0.0367722896479245,Normal,Normal
-47.31,-22.64,2013,4,13,75.34,23.0528682050067,52.2871317949933,2.15638491707628,2.15007380263802,ext.wet,ext.wet
-47.31,-22.64,2013,4,14,34.75,23.0801350031452,11.6698649968548,1.18837417821568,1.30723579817022,mod.wet,mod.wet
-47.31,-22.64,2013,4,15,0.12,23.5845885123327,-23.4645885123327,-2.29429290041559,-0.33743427950831,ext.dry,Normal
-47.31,-22.64,2013,4,16,0,29.575701593969,-29.575701593969,-2.99975144511263,-0.214668493298511,ext.dry,Normal
-47.31,-22.64,2013,5,17,0.08,22.5424531205148,-22.4624531205148,-1.25214610890343,-0.205672803807504,mod.dry,Normal
-47.31,-22.64,2013,5,18,0.05,22.3227050899179,-22.2727050899179,-1.65152275159385,-0.395738765274642,sev.dry,Normal
-47.31,-22.64,2013,5,19,0.06,19.8796917674515,-19.8196917674515,-1.58893520716028,-0.362352086556926,sev.dry,Normal
-47.31,-22.64,2013,5,20,115.36,23.7589315178379,91.6010684821621,2.06126456137469,2.04512001619195,ext.wet,ext.wet
-47.31,-22.64,2013,6,21,15.43,18.0781703632097,-2.64817036320966,0.592390765211117,0.740774725794158,Normal,Normal
-47.31,-22.64,2013,6,22,5.02,18.2592614273894,-13.2392614273894,0.393278446169178,0.433073387976373,Normal,Normal
-47.31,-22.64,2013,6,23,21.09,17.4816509076482,3.6083490923518,1.11212684853672,1.34095731324022,mod.wet,mod.wet
-47.31,-22.64,2013,6,24,46.42,20.9207819538824,25.4992180461176,1.95426481129751,2.04788426146989,sev.wet,ext.wet
-47.31,-22.64,2013,7,25,6.18,18.546991790807,-12.366991790807,0.917530900155296,1.11394639466605,Normal,mod.wet
-47.31,-22.64,2013,7,26,1.63,18.5554802644585,-16.9254802644585,-0.518823181194929,0.0120808089523252,Normal,Normal
-47.31,-22.64,2013,7,27,11.81,20.1227491634252,-8.3127491634252,0.944994649491047,1.06135805520773,Normal,mod.wet
-47.31,-22.64,2013,7,28,16.2,25.6785617401757,-9.47856174017569,0.901376826667398,1.29528069014265,Normal,mod.wet
-47.31,-22.64,2013,8,29,0,25.3878176460998,-25.3878176460998,-2.99975144511263,-0.307906286596345,ext.dry,Normal
-47.31,-22.64,2013,8,30,0.81,24.0107636759617,-23.2007636759617,0.196820211870532,0.439021771429359,Normal,Normal
-47.31,-22.64,2013,8,31,4.64,23.0179932233034,-18.3779932233034,0.355714739298515,0.823786010689666,Normal,Normal
-47.31,-22.64,2013,8,32,1.95,40.7676147716764,-38.8176147716764,-0.333722397381719,0.155723071313728,Normal,Normal
-47.31,-22.64,2013,9,33,4.54,30.3116116406701,-25.7716116406701,-0.181000073848867,0.177505863529558,Normal,Normal
-47.31,-22.64,2013,9,34,0,34.9330927189536,-34.9330927189536,-2.99975144511263,-0.157174136280732,ext.dry,Normal
-47.31,-22.64,2013,9,35,24.43,35.3135754417089,-10.8835754417089,0.520423775433578,0.628461642492578,Normal,Normal
-47.31,-22.64,2013,9,36,23.36,42.2884516343489,-18.9284516343489,0.435782642512111,0.610679354674363,Normal,Normal
-47.31,-22.64,2013,10,37,55.24,28.8067914022007,26.4332085977993,1.23411145533176,1.36520122493735,mod.wet,mod.wet
-47.31,-22.64,2013,10,38,0.09,35.8482807667202,-35.7582807667202,-1.88450862744173,-0.155247126074923,sev.dry,Normal
-47.31,-22.64,2013,10,39,35.69,35.1657531406936,0.524246859306366,0.734579998863726,0.763370117378066,Normal,Normal
-47.31,-22.64,2013,10,40,42.33,53.2099930036152,-10.8799930036152,0.471824433752537,0.574437900460883,Normal,Normal
-47.31,-22.64,2013,11,41,52.42,35.0426153956546,17.3773846043454,1.10963011756873,1.20772283440228,mod.wet,mod.wet
-47.31,-22.64,2013,11,42,2.47,42.5608984472357,-40.0908984472357,-2.11794070828958,-0.598562515317621,ext.dry,Normal
-47.31,-22.64,2013,11,43,21.54,41.2585378950837,-19.7185378950837,-0.260170665477329,-0.0545450689947818,Normal,Normal
-47.31,-22.64,2013,11,44,39.35,45.4396932152086,-6.08969321520858,-0.116382626931721,0.163937367304202,Normal,Normal
-47.31,-22.64,2013,12,45,21.52,39.9688903778683,-18.4488903778683,-0.740899636401705,-0.244381551535618,Normal,Normal
-47.31,-22.64,2013,12,46,23.05,40.8173280329413,-17.7673280329413,-0.864872975528357,-0.355801677452359,Normal,Normal
-47.31,-22.64,2013,12,47,6.08,46.580441419811,-40.500441419811,-2.14533021653958,-0.797983050986269,ext.dry,Normal
-47.31,-22.64,2013,12,48,58.6,53.5925193729821,5.00748062701791,-0.0751816740185126,0.0602659717737446,Normal,Normal
-47.31,-22.64,2014,1,1,19.81,39.7977024745243,-19.9877024745243,-0.986132561317083,-0.503513933771804,Normal,Normal
-47.31,-22.64,2014,1,2,28.57,36.8644632831598,-8.29446328315982,-0.884432050587389,-0.359890525416475,Normal,Normal
-47.31,-22.64,2014,1,3,13.88,41.0790840531176,-27.1990840531176,-1.11968316556562,-0.54586278928812,mod.dry,Normal
-47.31,-22.64,2014,1,4,16.92,64.6175226007317,-47.6975226007317,-1.94518608649894,-0.808207100663064,sev.dry,Normal
-47.31,-22.64,2014,2,5,3.8,49.5956614168903,-45.7956614168903,-2.34694352308115,-0.783483149724151,ext.dry,Normal
-47.31,-22.64,2014,2,6,12.02,44.2031838723991,-32.1831838723991,-1.05129974487363,-0.58261402447258,mod.dry,Normal
-47.31,-22.64,2014,2,7,12.24,39.6152765047692,-27.3752765047692,-1.17000571625933,-0.552889875561943,mod.dry,Normal
-47.31,-22.64,2014,2,8,45.47,35.5732276886152,9.89677231138479,0.24060142023738,0.232681451596147,Normal,Normal
-47.31,-22.64,2014,3,9,26.85,31.8828218206291,-5.03282182062911,0.0703854891001864,0.232681575633928,Normal,Normal
-47.31,-22.64,2014,3,10,25.74,35.0140552024482,-9.27405520244825,-0.281506980902181,-0.131663730596559,Normal,Normal
-47.31,-22.64,2014,3,11,27.62,35.945143932324,-8.32514393232399,-0.00314680443394119,-0.0504304408517679,Normal,Normal
-47.31,-22.64,2014,3,12,10.87,43.4528523792108,-32.5828523792108,-0.83962533973701,-0.379016613030302,Normal,Normal
-47.31,-22.64,2014,4,13,5.11,33.791813910722,-28.681813910722,-0.677523952951897,-0.57792218339245,Normal,Normal
-47.31,-22.64,2014,4,14,30.15,27.556139893878,2.59386010612196,1.03651561555942,0.976270338274395,mod.wet,Normal
-47.31,-22.64,2014,4,15,12.02,26.6760120780109,-14.6560120780109,0.179575303048229,0.131724185432599,Normal,Normal
-47.31,-22.64,2014,4,16,9.47,31.5207529912194,-22.0507529912195,0.208137417731405,0.282352531470063,Normal,Normal
-47.31,-22.64,2014,5,17,0.01,26.977913101707,-26.967913101707,-1.68700124195224,-0.582655565554314,sev.dry,Normal
-47.31,-22.64,2014,5,18,0,24.4452100816626,-24.4452100816626,-2.99975144511263,-0.65301791609165,ext.dry,Normal
-47.31,-22.64,2014,5,19,0.42,23.9979497454218,-23.5779497454218,-1.06103792233171,-0.809963972678185,mod.dry,Normal
-47.31,-22.64,2014,5,20,37.7,27.1262381538272,10.5737618461728,0.784262136391113,0.916454511701216,Normal,Normal
-47.31,-22.64,2014,6,21,3.52,20.9139219881845,-17.3939219881845,-0.113480557919712,-0.179859835960026,Normal,Normal
-47.31,-22.64,2014,6,22,0,21.1300526995003,-21.1300526995003,-2.99975144511263,-0.507629544559591,ext.dry,Normal
-47.31,-22.64,2014,6,23,2.26,20.0518119909489,-17.7918119909489,0.0217545016668857,-0.0362907425153771,Normal,Normal
-47.31,-22.64,2014,6,24,0.04,27.6157595493714,-27.5757595493714,-1.13291495838845,-0.612811191363448,mod.dry,Normal
-47.31,-22.64,2014,7,25,1.01,22.5889041583033,-21.5789041583033,0.166413530706082,-0.580535292777024,Normal,Normal
-47.31,-22.64,2014,7,26,11.67,19.2534641297383,-7.58346412973827,0.585832295301201,0.727875418067163,Normal,Normal
-47.31,-22.64,2014,7,27,0.62,21.926657117271,-21.306657117271,-0.175463115324016,-0.0906356627720244,Normal,Normal
-47.31,-22.64,2014,7,28,11.48,30.3082988920323,-18.8282988920323,0.722385893976369,0.926787552830483,Normal,Normal
-47.31,-22.64,2014,8,29,0.01,27.1983781844537,-27.1883781844537,-0.37833117627102,-0.956988496776255,Normal,Normal
-47.31,-22.64,2014,8,30,2.75,26.0804516191158,-23.3304516191158,0.618168200357954,0.418884718974894,Normal,Normal
-47.31,-22.64,2014,8,31,3.34,27.3830678319764,-24.0430678319764,0.238317439952648,0.34542658809683,Normal,Normal
-47.31,-22.64,2014,8,32,1.34,46.9328749951723,-45.5928749951723,-0.478875916380471,-0.480620369338412,Normal,Normal
-47.31,-22.64,2014,9,33,16.25,31.8770642842912,-15.6270642842912,0.449703273362884,0.629176286310889,Normal,Normal
-47.31,-22.64,2014,9,34,0,38.4806207149829,-38.4806207149829,-2.99975144511263,-0.444805139407095,ext.dry,Normal
-47.31,-22.64,2014,9,35,14.91,38.5347746498788,-23.6247746498788,0.12009265336599,0.169022037601398,Normal,Normal
-47.31,-22.64,2014,9,36,25.5,45.0300342277156,-19.5300342277156,0.519471739618586,0.591695257867081,Normal,Normal
-47.31,-22.64,2014,10,37,1.18,36.7469234694014,-35.5669234694014,-1.77917011528496,-0.374071949271335,sev.dry,Normal
-47.31,-22.64,2014,10,38,0.01,49.2898277513364,-49.2798277513364,-2.41930017874849,-0.693362986335988,ext.dry,Normal
-47.31,-22.64,2014,10,39,5.31,47.917218518719,-42.607218518719,-1.15128955245647,-0.553269646708149,mod.dry,Normal
-47.31,-22.64,2014,10,40,22.08,61.7074811843988,-39.6274811843988,-0.489360887630278,-0.270757555932213,Normal,Normal
-47.31,-22.64,2014,11,41,82.33,35.0588215799548,47.2711784200452,1.9189334863865,1.93375469056759,sev.wet,sev.wet
-47.31,-22.64,2014,11,42,11.83,40.6919103445156,-28.8619103445156,-0.828808894995275,-0.301329173828885,Normal,Normal
-47.31,-22.64,2014,11,43,0.89,44.6649458147835,-43.7749458147835,-2.22215916761447,-0.599490544369499,ext.dry,Normal
-47.31,-22.64,2014,11,44,74.74,44.2346345930854,30.5053654069146,0.9928975018173,1.05743032282102,Normal,mod.wet
-47.31,-22.64,2014,12,45,7.71,43.34269039036,-35.63269039036,-2.1460199213921,-0.748039302446409,ext.dry,Normal
-47.31,-22.64,2014,12,46,65.05,31.3231043441192,33.7268956558808,0.79622800674908,0.952514907166091,Normal,Normal
-47.31,-22.64,2014,12,47,40.3,40.1195674425477,0.180432557452271,0.00235001358918226,0.123259777830209,Normal,Normal
-47.31,-22.64,2014,12,48,96.49,51.6460778400189,44.8439221599811,0.981297473976306,0.924331692929619,Normal,Normal
Lon,Lat,Year,Month,quart.month,Rain,EP,P-EP,SPI,SPEI,Categ.SPI,Categ.SPEI
-46.81,-22.64,2013,1,1,36.68,34.5595452162149,2.12045478378513,-0.434995918643643,-0.0470141183377107,Normal,Normal
-46.81,-22.64,2013,1,2,134.46,32.4862557038795,101.973744296121,1.76933202292003,1.77086987713809,sev.wet,sev.wet
-46.81,-22.64,2013,1,3,33.52,33.0127421133684,0.507257886631628,-0.228473730379884,0.098333902031479,Normal,Normal
-46.81,-22.64,2013,1,4,69.85,49.5073641652578,20.3426358347422,-0.00647373069847034,0.148499434971699,Normal,Normal
-46.81,-22.64,2013,2,5,64.31,31.9352317172332,32.3747682827668,0.695082492195954,0.774695705341801,Normal,Normal
-46.81,-22.64,2013,2,6,37.12,31.1128489843328,6.00715101566717,-0.0550469780915053,0.170435302562693,Normal,Normal
-46.81,-22.64,2013,2,7,26.37,33.5669445383882,-7.19694453838816,-0.464628689336377,-0.110344795283868,Normal,Normal
-46.81,-22.64,2013,2,8,31.59,32.3723479502569,-0.782347950256881,-0.318510887548088,-0.0286579465737159,Normal,Normal
-46.81,-22.64,2013,3,9,17.95,33.0168266812314,-15.0668266812314,-0.517983149111819,-0.179819057740514,Normal,Normal
-46.81,-22.64,2013,3,10,88.63,27.3526081855857,61.2773918144143,1.95589110705764,1.94533203330742,sev.wet,sev.wet
-46.81,-22.64,2013,3,11,48.29,23.6830877386753,24.6069122613247,0.686731523440558,0.952003389397031,Normal,Normal
-46.81,-22.64,2013,3,12,31.81,37.8681702273527,-6.0581702273527,-0.055284803740962,0.241057583599866,Normal,Normal
-46.81,-22.64,2013,4,13,60.19,22.2603140669813,37.9296859330187,1.79240883846298,1.87340602659904,sev.wet,sev.wet
-46.81,-22.64,2013,4,14,38.65,23.2235840528406,15.4264159471594,1.2841735487694,1.39239642125093,mod.wet,mod.wet
-46.81,-22.64,2013,4,15,0.33,23.8362545713269,-23.5062545713269,-1.87866106285579,-0.385070903785645,sev.dry,Normal
-46.81,-22.64,2013,4,16,0.12,29.6292672516263,-29.5092672516263,-1.31462261286512,-0.256184983626412,mod.dry,Normal
-46.81,-22.64,2013,5,17,1.02,21.9332758834142,-20.9132758834142,-0.660712317774273,-0.174423473957432,Normal,Normal
-46.81,-22.64,2013,5,18,0.25,21.5840754152035,-21.3340754152035,-1.08209502321147,-0.386444144441973,mod.dry,Normal
-46.81,-22.64,2013,5,19,0.83,19.4043759255197,-18.5743759255197,-0.925420194944925,-0.314217025312275,Normal,Normal
-46.81,-22.64,2013,5,20,100.35,23.0633890411876,77.2866109588124,1.92356669630185,1.93618904072328,sev.wet,sev.wet
-46.81,-22.64,2013,6,21,12.97,18.0690085349504,-5.09900853495042,0.506474865854935,0.626016192640782,Normal,Normal
-46.81,-22.64,2013,6,22,3.55,17.7151487488767,-14.1651487488767,0.222365407612549,0.30392280580151,Normal,Normal
-46.81,-22.64,2013,6,23,17.15,17.0920307554652,0.057969244534803,1.02793710089183,1.27327008456727,mod.wet,mod.wet
-46.81,-22.64,2013,6,24,36.34,20.4736717043959,15.8663282956041,1.82288268641621,1.93646943380135,sev.wet,sev.wet
-46.81,-22.64,2013,7,25,6.05,18.318246554203,-12.268246554203,0.987894042887367,1.0947762118608,Normal,mod.wet
-46.81,-22.64,2013,7,26,3.02,18.3169575957401,-15.2969575957401,-0.106945575150639,0.122195188632648,Normal,Normal
-46.81,-22.64,2013,7,27,9.57,19.5096382109034,-9.93963821090341,0.805238463865688,0.941082094598698,Normal,Normal
-46.81,-22.64,2013,7,28,28.12,26.1448347717269,1.97516522827305,1.21857504339225,1.53125496623015,mod.wet,sev.wet
-46.81,-22.64,2013,8,29,0.01,24.4126356803494,-24.4026356803494,-0.504110004697153,-0.220562266666437,Normal,Normal
-46.81,-22.64,2013,8,30,0.98,23.6058990043894,-22.6258990043894,0.296814306280523,0.540316838211064,Normal,Normal
-46.81,-22.64,2013,8,31,5.93,22.6714959834211,-16.7414959834211,0.593931622265434,0.858408218085146,Normal,Normal
-46.81,-22.64,2013,8,32,2,40.2495410474776,-38.2495410474776,-0.309651399636046,0.101505297751347,Normal,Normal
-46.81,-22.64,2013,9,33,8.91,29.4082915273701,-20.4982915273701,0.233161442978588,0.392648502450537,Normal,Normal
-46.81,-22.64,2013,9,34,0.02,33.3677001609194,-33.3477001609194,-1.3063973828621,-0.0910161669176798,mod.dry,Normal
-46.81,-22.64,2013,9,35,26.71,34.0154270596207,-7.30542705962068,0.791431447961054,0.740506557079616,Normal,Normal
-46.81,-22.64,2013,9,36,23.75,40.94210558584,-17.19210558584,0.421483340589943,0.59774129724495,Normal,Normal
-46.81,-22.64,2013,10,37,50.11,28.0567693319018,22.0532306680982,1.04413635926154,1.17620186568215,mod.wet,mod.wet
-46.81,-22.64,2013,10,38,0.61,35.6248673041182,-35.0148673041182,-1.54935215719251,-0.220075932856984,sev.dry,Normal
-46.81,-22.64,2013,10,39,60.36,33.3003801386941,27.0596198613059,1.31607262542887,1.31922850235043,mod.wet,mod.wet
-46.81,-22.64,2013,10,40,22.67,52.3187739577139,-29.6487739577139,-0.531226127240152,-0.0528907746632433,Normal,Normal
-46.81,-22.64,2013,11,41,50.32,34.9176447535114,15.4023552464886,0.994470414464921,1.09475220020288,Normal,mod.wet
-46.81,-22.64,2013,11,42,1.36,42.1734359693149,-40.8134359693149,-2.52761192759088,-0.739564553924508,ext.dry,Normal
-46.81,-22.64,2013,11,43,31.73,39.6962642587186,-7.96626425871856,-0.00474689928817671,0.135605467626516,Normal,Normal
-46.81,-22.64,2013,11,44,66.36,42.5761077107745,23.7838922892255,0.713597585182094,0.76622364236644,Normal,Normal
-46.81,-22.64,2013,12,45,32.6,37.0984687943373,-4.49846879433731,-0.278512502603025,0.052573317700922,Normal,Normal
-46.81,-22.64,2013,12,46,27.87,37.7902830419944,-9.92028304199443,-0.733672801046628,-0.254221328776202,Normal,Normal
-46.81,-22.64,2013,12,47,14.57,42.7899800179144,-28.2199800179144,-1.5810956587878,-0.651949270380945,sev.dry,Normal
-46.81,-22.64,2013,12,48,63.13,52.0975367281014,11.0324632718986,0.00480548786245873,0.123549741469988,Normal,Normal
-46.81,-22.64,2014,1,1,21.8,39.2029380947853,-17.4029380947853,-0.981613885193632,-0.544646066943647,Normal,Normal
-46.81,-22.64,2014,1,2,22.59,36.473009668743,-13.883009668743,-1.19235207087512,-0.473098059823831,mod.dry,Normal
-46.81,-22.64,2014,1,3,12.68,39.4972670267426,-26.8172670267426,-1.29190248169417,-0.538172537405233,mod.dry,Normal
-46.81,-22.64,2014,1,4,17.47,63.8195139604377,-46.3495139604377,-2.17804175309634,-0.825399449434213,ext.dry,Normal
-46.81,-22.64,2014,2,5,2.38,49.2044774020403,-46.8244774020403,-2.59163070525993,-0.986667836066433,ext.dry,Normal
-46.81,-22.64,2014,2,6,9.48,43.5587251060532,-34.0787251060532,-1.27021080388167,-0.627769477768842,mod.dry,Normal
-46.81,-22.64,2014,2,7,24.75,38.8487159351116,-14.0987159351116,-0.549500315726565,-0.284415263486927,Normal,Normal
-46.81,-22.64,2014,2,8,37.82,36.0692070568791,1.75079294312089,-0.0748958213394015,0.0302098785250991,Normal,Normal
-46.81,-22.64,2014,3,9,22.67,32.723430001211,-10.0534300012111,-0.258405737556014,-0.00871613524058237,Normal,Normal
-46.81,-22.64,2014,3,10,21.23,36.1515325415446,-14.9215325415446,-0.760193862921363,-0.417627595850755,Normal,Normal
-46.81,-22.64,2014,3,11,32.09,36.1481686318031,-4.05816863180313,0.00503760886685742,-0.024446102680784,Normal,Normal
-46.81,-22.64,2014,3,12,24.47,42.7659012455675,-18.2959012455675,-0.319573982432197,-0.0851893182083851,Normal,Normal
-46.81,-22.64,2014,4,13,13.33,32.4426443888999,-19.1126443888999,-0.0531970162438795,-0.140300495636474,Normal,Normal
-46.81,-22.64,2014,4,14,32.29,27.8899277480062,4.40007225199385,1.07679982664751,0.990254717948842,mod.wet,Normal
-46.81,-22.64,2014,4,15,14.02,26.5572215623736,-12.5372215623736,0.343471490789715,0.240227144981357,Normal,Normal
-46.81,-22.64,2014,4,16,7.44,31.4438002364048,-24.0038002364048,0.0858965279867435,0.114744960935847,Normal,Normal
-46.81,-22.64,2014,5,17,0.05,26.3064659065328,-26.2564659065328,-1.49168075502281,-0.562386469615988,mod.dry,Normal
-46.81,-22.64,2014,5,18,0.31,23.8180082378223,-23.5080082378223,-1.01589489287576,-0.660596228089489,mod.dry,Normal
-46.81,-22.64,2014,5,19,1.18,23.2658763255355,-22.0858763255355,-0.795593058800966,-0.689678967620208,Normal,Normal
-46.81,-22.64,2014,5,20,36.49,27.1218093730976,9.3681906269024,0.776653440129134,0.916762876388132,Normal,Normal
-46.81,-22.64,2014,6,21,5.57,20.6971623021109,-15.1271623021109,0.0830372866109919,-0.0165120222475755,Normal,Normal
-46.81,-22.64,2014,6,22,0.23,20.9646154094958,-20.7346154094958,-0.773529271836713,-0.554118189625507,Normal,Normal
-46.81,-22.64,2014,6,23,4.88,19.8490203494136,-14.9690203494136,0.430073638298002,0.323787794933561,Normal,Normal
-46.81,-22.64,2014,6,24,0.09,26.6372806766178,-26.5472806766178,-0.964181384791067,-0.588273366817406,Normal,Normal
-46.81,-22.64,2014,7,25,0.81,21.8133586640167,-21.0033586640167,0.171035875427482,-0.589462427977927,Normal,Normal
-46.81,-22.64,2014,7,26,15.55,19.2156724209651,-3.66567242096506,0.804944252787933,0.887191762258028,Normal,Normal
-46.81,-22.64,2014,7,27,0.31,21.6502043014533,-21.3402043014533,-0.375431132296889,-0.20132586483519,Normal,Normal
-46.81,-22.64,2014,7,28,15.65,29.0830801635433,-13.4330801635433,0.851649781159519,1.08124982196902,Normal,mod.wet
-46.81,-22.64,2014,8,29,0.26,26.4583914800588,-26.1983914800588,-0.00361002297406515,-0.778078112964506,Normal,Normal
-46.81,-22.64,2014,8,30,3.49,25.4603998720963,-21.9703998720963,0.742014948267052,0.641336264499615,Normal,Normal
-46.81,-22.64,2014,8,31,5.77,26.879683098807,-21.109683098807,0.582988074196038,0.534857865783759,Normal,Normal
-46.81,-22.64,2014,8,32,1.82,45.7738520660047,-43.9538520660047,-0.348412882934628,-0.407296417410974,Normal,Normal
-46.81,-22.64,2014,9,33,13.29,31.2962605655868,-18.0062605655868,0.475461065033761,0.509166918559754,Normal,Normal
-46.81,-22.64,2014,9,34,0,37.4141866429487,-37.4141866429487,-2.99975144511263,-0.433638081739886,ext.dry,Normal
-46.81,-22.64,2014,9,35,17.43,37.4137179206016,-19.9837179206016,0.327535607445475,0.218409288420842,Normal,Normal
-46.81,-22.64,2014,9,36,23.14,44.4999421802343,-21.3599421802343,0.398130469075458,0.469142314908279,Normal,Normal
-46.81,-22.64,2014,10,37,0.91,36.7922349330829,-35.8822349330829,-1.96818705559078,-0.431564777677818,sev.dry,Normal
-46.81,-22.64,2014,10,38,0.04,47.4717964569294,-47.4317964569294,-2.39333705271987,-0.632517558935937,ext.dry,Normal
-46.81,-22.64,2014,10,39,11.73,46.1367159847827,-34.4067159847827,-0.701932522664062,-0.40331910568002,Normal,Normal
-46.81,-22.64,2014,10,40,22.02,59.307051920214,-37.287051920214,-0.570417920458562,-0.286447639724531,Normal,Normal
-46.81,-22.64,2014,11,41,74.86,34.7865157223605,40.0734842776395,1.73511795750866,1.72827817515612,sev.wet,sev.wet
-46.81,-22.64,2014,11,42,14.8,40.5177442321347,-25.7177442321347,-0.634652953395874,-0.251645514980876,Normal,Normal
-46.81,-22.64,2014,11,43,1.16,44.1276689593923,-42.9676689593923,-2.4210020247178,-0.685533388550496,ext.dry,Normal
-46.81,-22.64,2014,11,44,86.35,42.9187013723972,43.4312986276028,1.27403996661115,1.40745699267428,mod.wet,mod.wet
-46.81,-22.64,2014,12,45,7.78,42.5807316192741,-34.8007316192741,-2.4175034666346,-0.765636307793676,ext.dry,Normal
-46.81,-22.64,2014,12,46,55.48,32.5614396359442,22.9185603640558,0.407925851100037,0.560472050868152,Normal,Normal
-46.81,-22.64,2014,12,47,50.07,39.0289355679945,11.0410644320055,0.214384708414442,0.263803933010716,Normal,Normal
-46.81,-22.64,2014,12,48,83,50.7625217918226,32.2374782081774,0.588222508579149,0.560757360296031,Normal,Normal
Lon,Lat,Year,Month,quart.month,Rain,EP,P-EP,SPI,SPEI,Categ.SPI,Categ.SPEI
-47.3,-23.14,2013,1,1,18.47,35.2922764484213,-16.8222764484213,-1.04648560088848,-0.382730365705933,mod.dry,Normal
-47.3,-23.14,2013,1,2,93.55,33.2321280748498,60.3178719251502,1.0488030551306,1.09222292202423,mod.wet,mod.wet
-47.3,-23.14,2013,1,3,38.2,33.6746178626137,4.52538213738634,0.0144987334565358,0.342801607333939,Normal,Normal
-47.3,-23.14,2013,1,4,45.85,50.2522133466612,-4.40221334666123,-0.589815806913857,-0.147232830836769,Normal,Normal
-47.3,-23.14,2013,2,5,45.65,31.3949456601151,14.2550543398849,0.243374201297466,0.420879335847916,Normal,Normal
-47.3,-23.14,2013,2,6,29.56,31.1212876532546,-1.56128765325461,-0.261758727550794,0.0471639650915909,Normal,Normal
-47.3,-23.14,2013,2,7,30.83,33.1622089828673,-2.33220898286731,-0.0827055136686719,0.100428461396015,Normal,Normal
-47.3,-23.14,2013,2,8,27.26,32.166105255039,-4.90610525503897,-0.370767045913928,-0.0406728728069954,Normal,Normal
-47.3,-23.14,2013,3,9,15.23,34.073769415267,-18.843769415267,-0.618580397473453,-0.271601717010508,Normal,Normal
-47.3,-23.14,2013,3,10,81.74,27.1788694717614,54.5611305282386,1.71168007529303,1.80966348189145,sev.wet,sev.wet
-47.3,-23.14,2013,3,11,42.17,21.9059341178673,20.2640658821327,0.684144452474411,0.933118903933549,Normal,Normal
-47.3,-23.14,2013,3,12,11.35,37.93548011498,-26.58548011498,-0.64218987427239,-0.151475092950299,Normal,Normal
-47.3,-23.14,2013,4,13,68.39,23.5691089295447,44.8208910704553,1.96103020553798,1.95447541865529,sev.wet,sev.wet
-47.3,-23.14,2013,4,14,46.58,23.3729052062065,23.2070947937935,1.51317244227843,1.64883972357956,sev.wet,sev.wet
-47.3,-23.14,2013,4,15,0.09,23.331045199795,-23.241045199795,-2.5419581672249,-0.368912189930494,ext.dry,Normal
-47.3,-23.14,2013,4,16,0.01,29.2863398917517,-29.2763398917517,-2.24097765827764,-0.286064581560996,ext.dry,Normal
-47.3,-23.14,2013,5,17,0.38,22.4858063338131,-22.1058063338131,-0.938231484452747,-0.252665654252718,Normal,Normal
-47.3,-23.14,2013,5,18,0.09,21.9476445555327,-21.8576445555327,-1.5208650659185,-0.463503947195227,sev.dry,Normal
-47.3,-23.14,2013,5,19,0.46,19.7805539795169,-19.3205539795169,-1.0193008639879,-0.427427232512835,mod.dry,Normal
-47.3,-23.14,2013,5,20,83.26,23.3987605638345,59.8612394361655,1.72851436943713,1.81044643803696,sev.wet,sev.wet
-47.3,-23.14,2013,6,21,16.05,17.5103327911443,-1.46033279114427,0.466687287786324,0.565407396456692,Normal,Normal
-47.3,-23.14,2013,6,22,5.9,17.5498865289495,-11.6498865289495,0.453967905164791,0.460870891930507,Normal,Normal
-47.3,-23.14,2013,6,23,24.25,16.1875229280989,8.06247707190107,1.12297962823084,1.3071439687795,mod.wet,mod.wet
-47.3,-23.14,2013,6,24,72.64,19.3728047371021,53.2671952628979,2.12783536852554,2.1414180192029,ext.wet,ext.wet
-47.3,-23.14,2013,7,25,9.19,17.6205139284873,-8.43051392848735,0.898582798887671,1.06624552711042,Normal,mod.wet
-47.3,-23.14,2013,7,26,1.3,17.8599552473716,-16.5599552473716,-0.560741777343016,-0.121072592161655,Normal,Normal
-47.3,-23.14,2013,7,27,19.65,19.1811240770494,0.46887592295057,1.12531729321847,1.28352597241373,mod.wet,mod.wet
-47.3,-23.14,2013,7,28,13.41,24.6219577686322,-11.2119577686322,0.586429367400863,1.04091018210799,Normal,mod.wet
-47.3,-23.14,2013,8,29,0.08,24.3001151726414,-24.2201151726414,-0.415570796692349,-0.318613947695791,Normal,Normal
-47.3,-23.14,2013,8,30,1.16,22.4392609213846,-21.2792609213846,0.0536220374550363,0.36315471151471,Normal,Normal
-47.3,-23.14,2013,8,31,1.89,21.6847781223165,-19.7947781223165,0.117688636985833,0.543998967411654,Normal,Normal
-47.3,-23.14,2013,8,32,1.79,38.9611407214912,-37.1711407214912,-0.408191754575748,0.0710851243378118,Normal,Normal
-47.3,-23.14,2013,9,33,3.01,29.1468248029213,-26.1368248029213,-0.300576492524017,0.00597020726597952,Normal,Normal
-47.3,-23.14,2013,9,34,0.02,34.3977772358506,-34.3777772358506,-1.61182283950734,-0.255922161488051,sev.dry,Normal
-47.3,-23.14,2013,9,35,17.82,34.0604883411575,-16.2404883411575,0.252839782425439,0.371637921839112,Normal,Normal
-47.3,-23.14,2013,9,36,31.96,39.3388487756533,-7.37884877565325,0.679922264490977,0.797974277686103,Normal,Normal
-47.3,-23.14,2013,10,37,48.37,28.3407144605674,20.0292855394326,1.05229724296062,1.17118685783282,mod.wet,mod.wet
-47.3,-23.14,2013,10,38,0.41,35.2046156359987,-34.7946156359987,-1.78355324323098,-0.200584502752264,sev.dry,Normal
-47.3,-23.14,2013,10,39,32.29,35.1459263348646,-2.85592633486464,0.57823578579609,0.630537045952732,Normal,Normal
-47.3,-23.14,2013,10,40,37.71,52.4015889490913,-14.6915889490913,0.300079587052315,0.439818382121553,Normal,Normal
-47.3,-23.14,2013,11,41,32,35.0440529230668,-3.04405292306678,0.53397260415212,0.746624816939508,Normal,Normal
-47.3,-23.14,2013,11,42,1.67,44.0149217291217,-42.3449217291217,-2.38886824966954,-0.635928220422654,ext.dry,Normal
-47.3,-23.14,2013,11,43,24.59,42.4519435609202,-17.8619435609202,-0.0868699028298786,0.0231368775596317,Normal,Normal
-47.3,-23.14,2013,11,44,39.92,45.4820159082702,-5.56201590827024,-0.00783130337759202,0.255281064530118,Normal,Normal
-47.3,-23.14,2013,12,45,19.79,41.2953492177591,-21.5053492177591,-0.816420077617964,-0.297811084498269,Normal,Normal
-47.3,-23.14,2013,12,46,20.29,42.2272876807024,-21.9372876807024,-0.859389728404573,-0.363430377716857,Normal,Normal
-47.3,-23.14,2013,12,47,1.84,47.2725293627008,-45.4325293627007,-2.99975144511263,-0.895093056398605,ext.dry,Normal
-47.3,-23.14,2013,12,48,45.92,57.5042989164388,-11.5842989164388,-0.344209290617402,-0.0959277055614138,Normal,Normal
-47.3,-23.14,2014,1,1,23.65,38.7900749912741,-15.1400749912741,-0.80209506216993,-0.345178458115471,Normal,Normal
-47.3,-23.14,2014,1,2,35.85,37.5691527124253,-1.71915271242525,-0.614538270919287,-0.218961156202673,Normal,Normal
-47.3,-23.14,2014,1,3,13.61,42.0324908706855,-28.4224908706855,-1.10003133820226,-0.624031416942438,mod.dry,Normal
-47.3,-23.14,2014,1,4,21.82,65.3077866398505,-43.4877866398505,-1.58282686811782,-0.825745258505554,sev.dry,Normal
-47.3,-23.14,2014,2,5,2.99,49.9078734439205,-46.9178734439204,-2.35152632901966,-0.897758203451809,ext.dry,Normal
-47.3,-23.14,2014,2,6,12.61,44.2458458790835,-31.6358458790835,-1.04880840302333,-0.57376024265499,mod.dry,Normal
-47.3,-23.14,2014,2,7,11.21,39.404244177731,-28.194244177731,-1.27913336645637,-0.536601256071736,mod.dry,Normal
-47.3,-23.14,2014,2,8,48.1,34.5882576788872,13.5117423211128,0.460917670109188,0.45060312533734,Normal,Normal
-47.3,-23.14,2014,3,9,33.08,32.0151538387406,1.06484616125943,0.251235345970769,0.383958235454783,Normal,Normal
-47.3,-23.14,2014,3,10,30.12,32.4850407039525,-2.36504070395253,-0.0720651290522918,0.0540886639683672,Normal,Normal
-47.3,-23.14,2014,3,11,21.91,35.3683024615223,-13.4583024615223,-0.375644246993716,-0.297155857275413,Normal,Normal
-47.3,-23.14,2014,3,12,8.01,43.2113690928821,-35.2013690928821,-0.877421388182238,-0.433944581630131,Normal,Normal
-47.3,-23.14,2014,4,13,2.17,33.4490324101726,-31.2790324101726,-1.23370243903586,-0.794540620587869,mod.dry,Normal
-47.3,-23.14,2014,4,14,44,26.5015440059011,17.4984559940989,1.44101047397858,1.46293960456212,mod.wet,mod.wet
-47.3,-23.14,2014,4,15,16.02,25.1816250803849,-9.16162508038489,0.375323890440789,0.349777529391034,Normal,Normal
-47.3,-23.14,2014,4,16,5.5,30.4149116009781,-24.9149116009781,-0.173407377219766,-0.00506650793380142,Normal,Normal
-47.3,-23.14,2014,5,17,0,26.0983545400727,-26.0983545400727,-2.99975144511263,-0.604824281079595,ext.dry,Normal
-47.3,-23.14,2014,5,18,0.21,23.386430308606,-23.176430308606,-1.26602676471125,-0.622462731869954,mod.dry,Normal
-47.3,-23.14,2014,5,19,0.73,23.1419877427535,-22.4119877427535,-0.868322772796692,-0.853297463276727,Normal,Normal
-47.3,-23.14,2014,5,20,39.35,25.2565769722727,14.0934230277273,0.814784538449093,0.924784051782242,Normal,Normal
-47.3,-23.14,2014,6,21,6.66,19.2346787153957,-12.5746787153957,0.0143884735397095,0.026714028120566,Normal,Normal
-47.3,-23.14,2014,6,22,0.49,19.9367798729385,-19.4467798729385,-0.748205010166766,-0.42033527129439,Normal,Normal
-47.3,-23.14,2014,6,23,4.49,18.7795562208423,-14.2895562208423,0.0629717894145574,0.0950577458354458,Normal,Normal
-47.3,-23.14,2014,6,24,0.08,26.267353553929,-26.187353553929,-1.02322031950826,-0.577768823121882,mod.dry,Normal
-47.3,-23.14,2014,7,25,0.82,21.4620758596656,-20.6420758596656,0.0868548037667534,-0.521031777933651,Normal,Normal
-47.3,-23.14,2014,7,26,9.23,18.1755894424943,-8.94558944249434,0.355709301152783,0.414316739660006,Normal,Normal
-47.3,-23.14,2014,7,27,1.35,20.6201749629218,-19.2701749629218,-0.143397560231121,-0.0431568824076842,Normal,Normal
-47.3,-23.14,2014,7,28,9.88,29.6602816497562,-19.7802816497562,0.414703923137322,0.61656120343104,Normal,Normal
-47.3,-23.14,2014,8,29,0.2,26.5590338222201,-26.3590338222201,-0.246425902245988,-0.877807878314727,Normal,Normal
-47.3,-23.14,2014,8,30,6.53,24.7429629383895,-18.2129629383895,0.809334359128696,0.708665092430238,Normal,Normal
-47.3,-23.14,2014,8,31,7.27,25.7008416058895,-18.4308416058895,0.594486293303463,0.645942623387729,Normal,Normal
-47.3,-23.14,2014,8,32,4.67,45.0458168156957,-40.3758168156957,0.0196993975058711,-0.21631721676652,Normal,Normal
-47.3,-23.14,2014,9,33,13.46,30.2906724930908,-16.8306724930908,0.388995676512864,0.428179424337807,Normal,Normal
-47.3,-23.14,2014,9,34,0,37.6863261211002,-37.6863261211002,-2.99975144511263,-0.481608135085593,ext.dry,Normal
-47.3,-23.14,2014,9,35,12.12,37.0830724245497,-24.9630724245497,-0.0477799722012481,0.020077830122248,Normal,Normal
-47.3,-23.14,2014,9,36,32.22,43.5412672422127,-11.3212672422127,0.687973933863454,0.689761847766938,Normal,Normal
-47.3,-23.14,2014,10,37,1.36,34.83478878308,-33.47478878308,-1.67927550333025,-0.33971821944515,sev.dry,Normal
-47.3,-23.14,2014,10,38,0,48.6063365764818,-48.6063365764818,-2.99975144511263,-0.818523886899448,ext.dry,Normal
-47.3,-23.14,2014,10,39,3.94,47.4138723963105,-43.4738723963105,-1.61897910213524,-0.671185159617203,sev.dry,Normal
-47.3,-23.14,2014,10,40,18.08,62.4102784364138,-44.3302784364138,-0.81224153884267,-0.452907024954054,Normal,Normal
-47.3,-23.14,2014,11,41,72.31,35.1269739531053,37.1830260468947,1.75586666121543,1.76883722092437,sev.wet,sev.wet
-47.3,-23.14,2014,11,42,17.94,40.3300444472667,-22.3900444472667,-0.332450168167518,-0.0995244987674723,Normal,Normal
-47.3,-23.14,2014,11,43,2.72,44.9014932090495,-42.1814932090495,-1.77798648181637,-0.605607816049876,sev.dry,Normal
-47.3,-23.14,2014,11,44,54.89,46.9157528309229,7.97424716907713,0.533925873767922,0.594311542119065,Normal,Normal
-47.3,-23.14,2014,12,45,11.58,44.8375719703904,-33.2575719703904,-1.58327606308456,-0.65240804156598,sev.dry,Normal
-47.3,-23.14,2014,12,46,61.73,31.632248786531,30.097751213469,0.81424451420435,0.989478879099014,Normal,Normal
-47.3,-23.14,2014,12,47,36.88,41.4501109918726,-4.5701109918726,-0.0569847536097062,0.0434026986647148,Normal,Normal
-47.3,-23.14,2014,12,48,90.69,52.8453374093497,37.8446625906503,1.01938137739157,0.970665406462531,mod.wet,Normal
Lon,Lat,Year,Month,quart.month,Rain,EP,P-EP,SPI,SPEI,Categ.SPI,Categ.SPEI
-46.8,-23.14,2013,1,1,25.24,32.8788917315713,-7.63889173157129,-0.874982999830679,-0.297623439309882,Normal,Normal
-46.8,-23.14,2013,1,2,99.89,31.5852879514483,68.3047120485517,1.30378494603067,1.31634343545939,mod.wet,mod.wet
-46.8,-23.14,2013,1,3,34.46,32.3286385941433,2.13136140585671,-0.189230031552972,0.17857299323735,Normal,Normal
-46.8,-23.14,2013,1,4,46.55,48.4287421448805,-1.87874214488045,-0.724611097963451,-0.219806478678565,Normal,Normal
-46.8,-23.14,2013,2,5,61.04,30.7989026621293,30.2410973378707,0.550144335053211,0.626643118741839,Normal,Normal
-46.8,-23.14,2013,2,6,39.8,31.0436262435847,8.75637375641535,0.0493511475855046,0.1948239240858,Normal,Normal
-46.8,-23.14,2013,2,7,44.95,33.040901803719,11.909098196281,0.310377686723362,0.31652993936449,Normal,Normal
-46.8,-23.14,2013,2,8,29.58,31.2355327914189,-1.65553279141891,-0.429769887666304,-0.0789917799090437,Normal,Normal
-46.8,-23.14,2013,3,9,17.85,32.1910731738424,-14.3410731738424,-0.641099702605203,-0.255130982816491,Normal,Normal
-46.8,-23.14,2013,3,10,82.95,26.3141131274577,56.6358868725423,1.78946799842607,1.91694208404425,sev.wet,sev.wet
-46.8,-23.14,2013,3,11,48.21,22.5651565968271,25.6448434031729,0.781556764491889,0.989446400587913,Normal,Normal
-46.8,-23.14,2013,3,12,18.34,35.9035314394645,-17.5635314394645,-0.466716949193528,-0.0419172279557796,Normal,Normal
-46.8,-23.14,2013,4,13,47.48,22.2268096024963,25.2531903975037,1.31497414250923,1.45096520575956,mod.wet,mod.wet
-46.8,-23.14,2013,4,14,49.82,22.1017009598088,27.7182990401912,1.60569830234379,1.75486275259311,sev.wet,sev.wet
-46.8,-23.14,2013,4,15,0.24,21.9213329004918,-21.6813329004918,-1.93401932066307,-0.361887559519386,sev.dry,Normal
-46.8,-23.14,2013,4,16,0.11,28.0727802545332,-27.9627802545332,-1.57784334744663,-0.315678685158937,sev.dry,Normal
-46.8,-23.14,2013,5,17,2.15,21.1345788190839,-18.9845788190839,-0.460872999408105,-0.162734536789349,Normal,Normal
-46.8,-23.14,2013,5,18,0.27,20.8732388153156,-20.6032388153156,-1.2362739605592,-0.500977001664959,mod.dry,Normal
-46.8,-23.14,2013,5,19,1.56,18.3023407724362,-16.7423407724362,-0.821678007658442,-0.340161244761006,Normal,Normal
-46.8,-23.14,2013,5,20,68.3,22.3376016574208,45.9623983425792,1.44595685181213,1.56839684524842,mod.wet,sev.wet
-46.8,-23.14,2013,6,21,12.03,16.8533014868043,-4.82330148680434,0.308574752391616,0.376394736193455,Normal,Normal
-46.8,-23.14,2013,6,22,3.76,16.7411005693861,-12.9811005693861,0.209380397361531,0.255308792403414,Normal,Normal
-46.8,-23.14,2013,6,23,18.61,15.8616437195409,2.74835628045914,0.954336217643784,1.19092211615849,Normal,mod.wet
-46.8,-23.14,2013,6,24,66.92,18.724282937058,48.1957170629421,2.13268842627895,2.1438626230236,ext.wet,ext.wet
-46.8,-23.14,2013,7,25,12.97,17.4839154023896,-4.51391540238961,1.09822030787632,1.27322927457858,mod.wet,mod.wet
-46.8,-23.14,2013,7,26,2.55,17.1252906011506,-14.5752906011506,-0.245331858881491,-0.00109903940381385,Normal,Normal
-46.8,-23.14,2013,7,27,14.16,18.207422776794,-4.04742277679395,0.909947365333568,1.04506908889468,Normal,mod.wet
-46.8,-23.14,2013,7,28,25.38,24.1331269613905,1.2468730386095,0.962110483060182,1.28753486468663,Normal,mod.wet
-46.8,-23.14,2013,8,29,0.05,23.1347933750413,-23.0847933750413,-0.470119964619414,-0.321627894224758,Normal,Normal
-46.8,-23.14,2013,8,30,1.44,21.7180289886814,-20.2780289886814,0.137943298826071,0.355814188488903,Normal,Normal
-46.8,-23.14,2013,8,31,3.29,20.5191367367524,-17.2291367367524,0.280959351431319,0.616687949009746,Normal,Normal
-46.8,-23.14,2013,8,32,2.07,37.395158667783,-35.325158667783,-0.364961760611897,0.0727734758713865,Normal,Normal
-46.8,-23.14,2013,9,33,7.18,27.4889487960335,-20.3089487960335,-0.0511758779873128,0.182386146346248,Normal,Normal
-46.8,-23.14,2013,9,34,0.03,32.4292209076344,-32.3992209076344,-1.25332309933115,-0.198502589266009,mod.dry,Normal
-46.8,-23.14,2013,9,35,19.68,32.6255685402729,-12.9455685402729,0.478743165128281,0.44009572219761,Normal,Normal
-46.8,-23.14,2013,9,36,30.34,37.2696450978836,-6.92964509788365,0.558995999320196,0.728160689556571,Normal,Normal
-46.8,-23.14,2013,10,37,44.9,26.2801950734653,18.6198049265347,0.896369016447232,1.05611118349061,Normal,mod.wet
-46.8,-23.14,2013,10,38,1.81,34.1913806745418,-32.3813806745418,-1.29190262883375,-0.200980566624473,mod.dry,Normal
-46.8,-23.14,2013,10,39,55.27,32.5726157502604,22.6973842497396,1.23383735703855,1.23547888624239,mod.wet,mod.wet
-46.8,-23.14,2013,10,40,17.48,50.9766606380946,-33.4966606380946,-0.809355976845949,-0.210037419242126,Normal,Normal
-46.8,-23.14,2013,11,41,35.97,33.8518715125076,2.11812848749235,0.639287369531954,0.819312325392718,Normal,Normal
-46.8,-23.14,2013,11,42,1.05,41.7079634380309,-40.6579634380309,-2.58819753342522,-0.684514228228659,ext.dry,Normal
-46.8,-23.14,2013,11,43,29.52,40.3803018774825,-10.8603018774825,-0.0431330378721971,0.0699798179331407,Normal,Normal
-46.8,-23.14,2013,11,44,60.37,42.815058555026,17.5549414449739,0.569761687209389,0.657579359223527,Normal,Normal
-46.8,-23.14,2013,12,45,31.05,37.2129502403299,-6.16295024032989,-0.313684505510804,-0.0212610585888051,Normal,Normal
-46.8,-23.14,2013,12,46,25.16,37.580339034007,-12.420339034007,-0.688636822397108,-0.238641819624609,Normal,Normal
-46.8,-23.14,2013,12,47,6.29,41.4722377995119,-35.1822377995119,-2.5299666251503,-0.764270740944004,ext.dry,Normal
-46.8,-23.14,2013,12,48,51.65,53.4755647738238,-1.82556477382379,-0.294452276216644,-0.06669111121075,Normal,Normal
-46.8,-23.14,2014,1,1,22.51,37.5822930042348,-15.0722930042348,-0.999478215805635,-0.469713186309077,Normal,Normal
-46.8,-23.14,2014,1,2,36.88,37.3108797692004,-0.430879769200409,-0.646382225702231,-0.259823082458866,Normal,Normal
-46.8,-23.14,2014,1,3,18.12,38.5612678454552,-20.4412678454552,-0.908827231314031,-0.462345148705963,Normal,Normal
-46.8,-23.14,2014,1,4,21.54,63.3933303312171,-41.8533303312171,-1.8923713197497,-0.865904998304136,sev.dry,Normal
-46.8,-23.14,2014,2,5,1.77,49.8653564448342,-48.0953564448342,-2.99975144511263,-0.951384254741647,ext.dry,Normal
-46.8,-23.14,2014,2,6,11.71,43.7928706368122,-32.0828706368122,-1.15595230035858,-0.576560840034388,mod.dry,Normal
-46.8,-23.14,2014,2,7,18.58,37.5955871232,-19.0155871232,-0.987951890485504,-0.445093780232739,Normal,Normal
-46.8,-23.14,2014,2,8,43.46,34.7746641890215,8.6853358109785,0.145252517794226,0.177947843224691,Normal,Normal
-46.8,-23.14,2014,3,9,30.75,31.8687544454814,-1.11875444548144,0.0302757208188985,0.159781173887127,Normal,Normal
-46.8,-23.14,2014,3,10,31.96,32.0843082115548,-0.124308211554798,-0.17982040911776,-0.0372546265045983,Normal,Normal
-46.8,-23.14,2014,3,11,28.74,34.348589183312,-5.608589183312,-0.128368530073909,-0.134632693653435,Normal,Normal
-46.8,-23.14,2014,3,12,21.82,40.7229303879343,-18.9029303879343,-0.313232784299933,-0.0817542256478361,Normal,Normal
-46.8,-23.14,2014,4,13,10.3,30.5102291698433,-20.2102291698433,-0.31248202165892,-0.300216331750738,Normal,Normal
-46.8,-23.14,2014,4,14,42.63,25.7759928254236,16.8540071745764,1.40011346879433,1.39502500692986,mod.wet,mod.wet
-46.8,-23.14,2014,4,15,19.39,23.6102547243925,-4.2202547243925,0.623705630593653,0.618915600127282,Normal,Normal
-46.8,-23.14,2014,4,16,3.4,28.5880244546531,-25.1880244546531,-0.428417253114975,-0.138178036317131,Normal,Normal
-46.8,-23.14,2014,5,17,0.06,25.3446791677125,-25.2846791677125,-1.5524301883458,-0.615198687195634,sev.dry,Normal
-46.8,-23.14,2014,5,18,1.79,22.2373141859697,-20.4473141859697,-0.493361430084169,-0.482591658115815,Normal,Normal
-46.8,-23.14,2014,5,19,2.34,21.9293524417566,-19.5893524417566,-0.636457348584045,-0.660247511947062,Normal,Normal
-46.8,-23.14,2014,5,20,39.73,24.1485204255715,15.5814795744285,0.840730168257649,0.99494510431741,Normal,Normal
-46.8,-23.14,2014,6,21,6.62,18.8825070217284,-12.2625070217284,0.0177579644420859,-0.00824847066183429,Normal,Normal
-46.8,-23.14,2014,6,22,0.76,19.2128724149068,-18.4528724149068,-0.494456508345874,-0.411446198101666,Normal,Normal
-46.8,-23.14,2014,6,23,7.45,17.6961507395838,-10.2461507395838,0.40639456458541,0.479846481123687,Normal,Normal
-46.8,-23.14,2014,6,24,0.1,24.9731025871974,-24.8731025871974,-1.13928538040548,-0.542564627636273,mod.dry,Normal
-46.8,-23.14,2014,7,25,0.58,20.7192199028049,-20.1392199028049,-0.0144866335764338,-0.687214473978013,Normal,Normal
-46.8,-23.14,2014,7,26,15.77,16.9175198498943,-1.14751984989426,0.644016579602441,0.773677261615722,Normal,Normal
-46.8,-23.14,2014,7,27,0.59,19.9084062496834,-19.3184062496834,-0.356977723987724,-0.174359980396592,Normal,Normal
-46.8,-23.14,2014,7,28,12.61,27.675120013099,-15.065120013099,0.50210157045511,0.693175192496787,Normal,Normal
-46.8,-23.14,2014,8,29,0.39,25.3350258333762,-24.9450258333762,-0.0758617054137865,-0.795145904602831,Normal,Normal
-46.8,-23.14,2014,8,30,9.13,23.1469635328149,-14.0169635328149,1.05360799788258,1.02109852402557,mod.wet,mod.wet
-46.8,-23.14,2014,8,31,10.68,24.658237466918,-13.978237466918,0.783707586158934,0.826671230400202,Normal,Normal
-46.8,-23.14,2014,8,32,4.84,43.4839289776817,-38.6439289776817,0.0330158066578149,-0.220315869321096,Normal,Normal
-46.8,-23.14,2014,9,33,14.8,28.8112853737117,-14.0112853737117,0.410373782505514,0.464769350088568,Normal,Normal
-46.8,-23.14,2014,9,34,0,36.2410274215618,-36.2410274215618,-2.99975144511263,-0.481455907428295,ext.dry,Normal
-46.8,-23.14,2014,9,35,14.11,36.1338024288218,-22.0238024288218,0.154045756331021,0.0550568835413107,Normal,Normal
-46.8,-23.14,2014,9,36,26.5,42.0743899848286,-15.5743899848286,0.433885400813921,0.488524181518745,Normal,Normal
-46.8,-23.14,2014,10,37,1.24,33.1313046344426,-31.8913046344426,-1.79336209212289,-0.366985573491531,sev.dry,Normal
-46.8,-23.14,2014,10,38,0.03,46.6613200521832,-46.6313200521832,-2.79614096770953,-0.684775855042562,ext.dry,Normal
-46.8,-23.14,2014,10,39,8.07,45.5883490471163,-37.5183490471163,-1.04579726376348,-0.538847354463771,mod.dry,Normal
-46.8,-23.14,2014,10,40,19.09,58.6541991131307,-39.5641991131307,-0.699603921653109,-0.377622335201025,Normal,Normal
-46.8,-23.14,2014,11,41,73.18,34.0321427038921,39.1478572961079,1.74192091364348,1.72280048397792,sev.wet,sev.wet
-46.8,-23.14,2014,11,42,15.19,39.0476364431746,-23.8576364431746,-0.527678260650975,-0.20236390974538,Normal,Normal
-46.8,-23.14,2014,11,43,2.28,42.5517405874786,-40.2717405874786,-2.20275870512245,-0.71869628500349,ext.dry,Normal
-46.8,-23.14,2014,11,44,63.66,43.9256360132385,19.7343639867615,0.676496353135128,0.71783833476367,Normal,Normal
-46.8,-23.14,2014,12,45,7.34,42.988243427025,-35.648243427025,-2.44411209069187,-0.765101870689468,ext.dry,Normal
-46.8,-23.14,2014,12,46,52.29,33.0152612900726,19.2747387099274,0.416678534225728,0.551003294787519,Normal,Normal
-46.8,-23.14,2014,12,47,31.72,39.5532363602642,-7.8332363602642,-0.45647981845026,-0.17937499554563,Normal,Normal
-46.8,-23.14,2014,12,48,90.57,50.7993272483837,39.7706727516163,0.925414567224292,0.862578653225334,Normal,Normal
